item_id,transaction_id,sku,product_name,error_reason,timestamp,cashier_id,amount_lost
TRX-20260901-000001-003,TRX-20260901-000001,SKU-1000,UNKNOWN PRODUCT,TYPO_SKU_QUARANTINED_FOR_AUDIT,2026-09-01 08:19:55,CSH-001,6800.0
TRX-20260901-000001-005,TRX-20260901-000001,SKU-4103,UNKNOWN PRODUCT,TYPO_SKU_QUARANTINED_FOR_AUDIT,2026-09-01 08:19:55,CSH-001,34000.0
TRX-20260901-000001-013,TRX-20260901-000001,SKU-5005,Baygon Obat Nyamuk Semprot 600ml,TYPO_SKU_QUARANTINED_FOR_AUDIT,2026-09-01 08:19:55,CSH-001,84000.0
TRX-20260901-000002-004,TRX-20260901-000002,SKU-2101,UNKNOWN PRODUCT,TYPO_SKU_QUARANTINED_FOR_AUDIT,2026-09-01 08:23:49,CSH-003,31000.0
TRX-20260901-000006-012,TRX-20260901-000006,SKU-5007,UNKNOWN PRODUCT,TYPO_SKU_QUARANTINED_FOR_AUDIT,2026-09-01 08:59:27,CSH-001,42000.0
TRX-20260901-000007-005,TRX-20260901-000007,SKU-1000,UNKNOWN PRODUCT,TYPO_SKU_QUARANTINED_FOR_AUDIT,2026-09-01 09:44:32,CSH-001,6800.0
TRX-20260901-000010-012,TRX-20260901-000010,SKU-1002,Minyak Goreng Bimoli 2L,VOID_ITEM_CANCELLED_BY_CUSTOMER,2026-09-01 09:59:36,CSH-003,75000.0
TRX-20260901-000017-005,TRX-20260901-000017,SKU-1007,Saus Sambal ABC 335ml,VOID_ITEM_CANCELLED_BY_CUSTOMER,2026-09-01 10:00:19,CSH-001,17500.0
TRX-20260901-000014-002,TRX-20260901-000014,SKU-4005,Rexona Deodorant Roll On 45ml,TYPO_SKU_QUARANTINED_FOR_AUDIT,2026-09-01 10:17:24,CSH-003,20500.0
TRX-20260901-000016-002,TRX-20260901-000016,SKU-1011,Sarden ABC Saus Tomat 155g,VOID_ITEM_CANCELLED_BY_CUSTOMER,2026-09-01 10:18:04,CSH-005,24000.0
TRX-20260901-000013-002,TRX-20260901-000013,SKU-1009,Indomie Kuah Ayam Bawang 69g,VOID_ITEM_CANCELLED_BY_CUSTOMER,2026-09-01 10:33:26,CSH-005,3400.0
TRX-20260901-000011-004,TRX-20260901-000011,SKU-2004,Yakult Pack isi 5,VOID_ITEM_CANCELLED_BY_CUSTOMER,2026-09-01 10:43:52,CSH-001,11500.0
TRX-20260901-000015-003,TRX-20260901-000015,SKU-1004,Tepung Terigu Segitiga Biru 1kg,VOID_ITEM_CANCELLED_BY_CUSTOMER,2026-09-01 10:43:57,CSH-003,13500.0
TRX-20260901-000015-006,TRX-20260901-000015,SKU-4003,Pasta Gigi Pepsodent 190g,VOID_ITEM_CANCELLED_BY_CUSTOMER,2026-09-01 10:43:57,CSH-003,34000.0
TRX-20260901-000021-005,TRX-20260901-000021,SKU-3003,Teh Pucuk Harum 350ml,VOID_ITEM_CANCELLED_BY_CUSTOMER,2026-09-01 11:20:44,CSH-005,9000.0
TRX-20260901-000027-003,TRX-20260901-000027,SKU-1011,Sarden ABC Saus Tomat 155g,VOID_ITEM_CANCELLED_BY_CUSTOMER,2026-09-01 11:26:36,CSH-005,12000.0
TRX-20260901-000026-009,TRX-20260901-000026,SKU-1009,Indomie Kuah Ayam Bawang 69g,TYPO_SKU_QUARANTINED_FOR_AUDIT,2026-09-01 11:50:50,CSH-001,17000.0
TRX-20260901-000026-010,TRX-20260901-000026,SKU-5106,UNKNOWN PRODUCT,TYPO_SKU_QUARANTINED_FOR_AUDIT,2026-09-01 11:50:50,CSH-001,21000.0
TRX-20260901-000034-001,TRX-20260901-000034,SKU-1010,Sedaap Mie Goreng 90g,VOID_ITEM_CANCELLED_BY_CUSTOMER,2026-09-01 12:05:36,CSH-005,6800.0
TRX-20260901-000030-003,TRX-20260901-000030,SKU-0007,UNKNOWN PRODUCT,TYPO_SKU_QUARANTINED_FOR_AUDIT,2026-09-01 12:13:01,CSH-005,17500.0
TRX-20260901-000030-010,TRX-20260901-000030,SKU-4006,Paseo Facial Tissue 250 Sheets,VOID_ITEM_CANCELLED_BY_CUSTOMER,2026-09-01 12:13:01,CSH-005,82500.0
TRX-20260901-000037-007,TRX-20260901-000037,SKU-3093,UNKNOWN PRODUCT,TYPO_SKU_QUARANTINED_FOR_AUDIT,2026-09-01 12:29:26,CSH-001,4500.0
TRX-20260901-000038-002,TRX-20260901-000038,SKU-5007,UNKNOWN PRODUCT,TYPO_SKU_QUARANTINED_FOR_AUDIT,2026-09-01 12:40:46,CSH-001,12500.0
TRX-20260901-000039-008,TRX-20260901-000039,SKU-1021,UNKNOWN PRODUCT,TYPO_SKU_QUARANTINED_FOR_AUDIT,2026-09-01 12:42:54,CSH-005,78500.0
TRX-20260901-000039-009,TRX-20260901-000039,SKU-1002,Minyak Goreng Bimoli 2L,VOID_ITEM_CANCELLED_BY_CUSTOMER,2026-09-01 12:42:54,CSH-005,75000.0
TRX-20260901-000039-010,TRX-20260901-000039,SKU-6006,UNKNOWN PRODUCT,TYPO_SKU_QUARANTINED_FOR_AUDIT,2026-09-01 12:42:54,CSH-005,82500.0
TRX-20260901-000039-012,TRX-20260901-000039,SKU-2002,Susu Ultra Milk Full Cream 1L,TYPO_SKU_QUARANTINED_FOR_AUDIT,2026-09-01 12:42:54,CSH-005,43000.0
TRX-20260901-000032-005,TRX-20260901-000032,SKU-3092,UNKNOWN PRODUCT,TYPO_SKU_QUARANTINED_FOR_AUDIT,2026-09-01 12:46:21,CSH-001,3800.0
TRX-20260901-000035-003,TRX-20260901-000035,SKU-1105,UNKNOWN PRODUCT,TYPO_SKU_QUARANTINED_FOR_AUDIT,2026-09-01 12:48:15,CSH-005,10000.0
TRX-20260901-000035-006,TRX-20260901-000035,SKU-2011,UNKNOWN PRODUCT,TYPO_SKU_QUARANTINED_FOR_AUDIT,2026-09-01 12:48:15,CSH-005,62000.0
TRX-20260901-000035-008,TRX-20260901-000035,SKU-4005,Rexona Deodorant Roll On 45ml,TYPO_SKU_QUARANTINED_FOR_AUDIT,2026-09-01 12:48:15,CSH-005,41000.0
TRX-20260901-000043-011,TRX-20260901-000043,SKU-0003,UNKNOWN PRODUCT,TYPO_SKU_QUARANTINED_FOR_AUDIT,2026-09-01 13:04:54,CSH-005,17500.0
TRX-20260901-000040-001,TRX-20260901-000040,SKU-5003,Sabun Cuci Piring Sunlight 650ml,VOID_ITEM_CANCELLED_BY_CUSTOMER,2026-09-01 13:08:52,CSH-003,31000.0
TRX-20260901-000040-005,TRX-20260901-000040,SKU-3005,Good Day Moccacino 250ml,VOID_ITEM_CANCELLED_BY_CUSTOMER,2026-09-01 13:08:52,CSH-003,8000.0
TRX-20260901-000048-003,TRX-20260901-000048,SKU-3008,Taro Net Seaweed 65g,VOID_ITEM_CANCELLED_BY_CUSTOMER,2026-09-01 13:12:14,CSH-005,9800.0
TRX-20260901-000047-013,TRX-20260901-000047,SKU-2007,Sari Roti Tawar Spesial,TYPO_SKU_QUARANTINED_FOR_AUDIT,2026-09-01 13:24:07,CSH-003,16500.0
TRX-20260901-000041-001,TRX-20260901-000041,SKU-4003,Pasta Gigi Pepsodent 190g,TYPO_SKU_QUARANTINED_FOR_AUDIT,2026-09-01 13:38:10,CSH-001,17000.0
TRX-20260901-000042-003,TRX-20260901-000042,SKU-1005,Garam Dapur Cap Kapal 250g,VOID_ITEM_CANCELLED_BY_CUSTOMER,2026-09-01 13:38:21,CSH-005,5000.0
TRX-20260901-000042-006,TRX-20260901-000042,SKU-1004,Tepung Terigu Segitiga Biru 1kg,VOID_ITEM_CANCELLED_BY_CUSTOMER,2026-09-01 13:38:21,CSH-005,13500.0
TRX-20260901-000056-001,TRX-20260901-000056,SKU-3003,Teh Pucuk Harum 350ml,TYPO_SKU_QUARANTINED_FOR_AUDIT,2026-09-01 14:08:09,CSH-001,9000.0
TRX-20260901-000053-005,TRX-20260901-000053,SKU-3017,UNKNOWN PRODUCT,VOID_ITEM_CANCELLED_BY_CUSTOMER,2026-09-01 14:17:17,CSH-005,12500.0
TRX-20260901-000051-004,TRX-20260901-000051,SKU-1022,UNKNOWN PRODUCT,TYPO_SKU_QUARANTINED_FOR_AUDIT,2026-09-01 14:18:28,CSH-005,75000.0
TRX-20260901-000051-011,TRX-20260901-000051,SKU-5203,UNKNOWN PRODUCT,TYPO_SKU_QUARANTINED_FOR_AUDIT,2026-09-01 14:18:28,CSH-005,31000.0
TRX-20260901-000049-001,TRX-20260901-000049,SKU-3102,UNKNOWN PRODUCT,TYPO_SKU_QUARANTINED_FOR_AUDIT,2026-09-01 14:28:31,CSH-005,3800.0
TRX-20260901-000057-001,TRX-20260901-000057,SKU-1000,UNKNOWN PRODUCT,TYPO_SKU_QUARANTINED_FOR_AUDIT,2026-09-01 14:51:24,CSH-001,10200.0
TRX-20260901-000057-004,TRX-20260901-000057,SKU-4007,Minyak Telon My Baby 90ml,VOID_ITEM_CANCELLED_BY_CUSTOMER,2026-09-01 14:51:24,CSH-001,28000.0
TRX-20260901-000057-006,TRX-20260901-000057,SKU-4022,UNKNOWN PRODUCT,TYPO_SKU_QUARANTINED_FOR_AUDIT,2026-09-01 14:51:24,CSH-001,26000.0
TRX-20260901-000055-006,TRX-20260901-000055,SKU-1004,Tepung Terigu Segitiga Biru 1kg,VOID_ITEM_CANCELLED_BY_CUSTOMER,2026-09-01 14:52:26,CSH-003,13500.0
TRX-20260901-000055-007,TRX-20260901-000055,SKU-2016,UNKNOWN PRODUCT,TYPO_SKU_QUARANTINED_FOR_AUDIT,2026-09-01 14:52:26,CSH-003,25000.0
TRX-20260901-000060-001,TRX-20260901-000060,SKU-3006,Coca Cola 390ml,VOID_ITEM_CANCELLED_BY_CUSTOMER,2026-09-01 15:01:16,CSH-002,7500.0
TRX-20260901-000060-002,TRX-20260901-000060,SKU-3004,Kopi Kapal Api Spesial Mix 10s,VOID_ITEM_CANCELLED_BY_CUSTOMER,2026-09-01 15:01:16,CSH-002,31000.0
TRX-20260901-000074-002,TRX-20260901-000074,SKU-4004,Sikat Gigi Formula Double Action 3s,VOID_ITEM_CANCELLED_BY_CUSTOMER,2026-09-01 16:59:19,CSH-006,15500.0
TRX-20260901-000086-007,TRX-20260901-000086,SKU-4007,Minyak Telon My Baby 90ml,VOID_ITEM_CANCELLED_BY_CUSTOMER,2026-09-01 17:06:31,CSH-002,56000.0
TRX-20260901-000083-005,TRX-20260901-000083,SKU-1007,Saus Sambal ABC 335ml,VOID_ITEM_CANCELLED_BY_CUSTOMER,2026-09-01 17:08:31,CSH-006,17500.0
TRX-20260901-000083-008,TRX-20260901-000083,SKU-7004,UNKNOWN PRODUCT,TYPO_SKU_QUARANTINED_FOR_AUDIT,2026-09-01 17:08:31,CSH-006,72500.0
TRX-20260901-000087-005,TRX-20260901-000087,SKU-3008,Taro Net Seaweed 65g,VOID_ITEM_CANCELLED_BY_CUSTOMER,2026-09-01 17:13:26,CSH-004,19600.0
TRX-20260901-000085-001,TRX-20260901-000085,SKU-3006,Coca Cola 390ml,VOID_ITEM_CANCELLED_BY_CUSTOMER,2026-09-01 17:46:44,CSH-006,7500.0
TRX-20260901-000095-002,TRX-20260901-000095,SKU-2002,Susu Ultra Milk Full Cream 1L,TYPO_SKU_QUARANTINED_FOR_AUDIT,2026-09-01 18:03:18,CSH-002,21500.0
TRX-20260901-000096-003,TRX-20260901-000096,SKU-2002,Susu Ultra Milk Full Cream 1L,TYPO_SKU_QUARANTINED_FOR_AUDIT,2026-09-01 18:05:23,CSH-002,21500.0
TRX-20260901-000098-003,TRX-20260901-000098,SKU-3013,UNKNOWN PRODUCT,TYPO_SKU_QUARANTINED_FOR_AUDIT,2026-09-01 18:08:15,CSH-002,4500.0
TRX-20260901-000099-004,TRX-20260901-000099,SKU-1005,Garam Dapur Cap Kapal 250g,VOID_ITEM_CANCELLED_BY_CUSTOMER,2026-09-01 18:45:54,CSH-002,25000.0
TRX-20260901-000099-020,TRX-20260901-000099,SKU-1022,UNKNOWN PRODUCT,TYPO_SKU_QUARANTINED_FOR_AUDIT,2026-09-01 18:45:54,CSH-002,37500.0
TRX-20260901-000106-006,TRX-20260901-000106,SKU-1011,Sarden ABC Saus Tomat 155g,VOID_ITEM_CANCELLED_BY_CUSTOMER,2026-09-01 19:15:51,CSH-006,60000.0
TRX-20260901-000106-009,TRX-20260901-000106,SKU-4005,Rexona Deodorant Roll On 45ml,VOID_ITEM_CANCELLED_BY_CUSTOMER,2026-09-01 19:15:51,CSH-006,20500.0
TRX-20260901-000106-015,TRX-20260901-000106,SKU-1006,Kecap Manis Bango 520ml,VOID_ITEM_CANCELLED_BY_CUSTOMER,2026-09-01 19:15:51,CSH-006,127500.0
TRX-20260901-000106-016,TRX-20260901-000106,SKU-5005,Baygon Obat Nyamuk Semprot 600ml,TYPO_SKU_QUARANTINED_FOR_AUDIT,2026-09-01 19:15:51,CSH-006,84000.0
TRX-20260901-000105-001,TRX-20260901-000105,SKU-2003,Susu Ultra Milk Cokelat 1L,VOID_ITEM_CANCELLED_BY_CUSTOMER,2026-09-01 19:32:55,CSH-006,21500.0
TRX-20260901-000109-001,TRX-20260901-000109,SKU-2006,Mentega Blue Band 200g,VOID_ITEM_CANCELLED_BY_CUSTOMER,2026-09-01 20:56:58,CSH-002,25000.0
TRX-20260901-000109-004,TRX-20260901-000109,SKU-3205,UNKNOWN PRODUCT,TYPO_SKU_QUARANTINED_FOR_AUDIT,2026-09-01 20:56:58,CSH-002,16000.0
TRX-20260902-000113-002,TRX-20260902-000113,SKU-1014,UNKNOWN PRODUCT,TYPO_SKU_QUARANTINED_FOR_AUDIT,2026-09-02 08:24:46,CSH-005,78000.0
TRX-20260902-000116-001,TRX-20260902-000116,SKU-1008,Indomie Goreng Spesial 85g,VOID_ITEM_CANCELLED_BY_CUSTOMER,2026-09-02 08:33:30,CSH-001,7000.0
TRX-20260902-000119-001,TRX-20260902-000119,SKU-1029,UNKNOWN PRODUCT,TYPO_SKU_QUARANTINED_FOR_AUDIT,2026-09-02 09:28:37,CSH-001,6800.0
TRX-20260902-000119-003,TRX-20260902-000119,SKU-5203,UNKNOWN PRODUCT,TYPO_SKU_QUARANTINED_FOR_AUDIT,2026-09-02 09:28:37,CSH-001,46500.0
TRX-20260902-000119-010,TRX-20260902-000119,SKU-4092,UNKNOWN PRODUCT,TYPO_SKU_QUARANTINED_FOR_AUDIT,2026-09-02 09:28:37,CSH-001,26000.0
TRX-20260902-000119-013,TRX-20260902-000119,SKU-4204,UNKNOWN PRODUCT,TYPO_SKU_QUARANTINED_FOR_AUDIT,2026-09-02 09:28:37,CSH-001,31000.0
TRX-20260902-000120-004,TRX-20260902-000120,SKU-3011,UNKNOWN PRODUCT,TYPO_SKU_QUARANTINED_FOR_AUDIT,2026-09-02 10:15:34,CSH-001,4000.0
TRX-20260902-000123-005,TRX-20260902-000123,SKU-1012,Kornet Sapi Pronas 198g,TYPO_SKU_QUARANTINED_FOR_AUDIT,2026-09-02 11:01:05,CSH-001,26000.0
TRX-20260902-000123-010,TRX-20260902-000123,SKU-4015,UNKNOWN PRODUCT,TYPO_SKU_QUARANTINED_FOR_AUDIT,2026-09-02 11:01:05,CSH-001,20500.0
TRX-20260902-000124-005,TRX-20260902-000124,SKU-1002,Minyak Goreng Bimoli 2L,VOID_ITEM_CANCELLED_BY_CUSTOMER,2026-09-02 11:35:27,CSH-005,75000.0
TRX-20260902-000124-012_DUP,TRX-20260902-000124,SKU-5001,Deterjen Rinso Anti Noda 770g,DOUBLE_SCAN_DUPLICATE_REMOVED,2026-09-02 11:35:27,CSH-005,23000.0
TRX-20260902-000124-014,TRX-20260902-000124,SKU-1091,UNKNOWN PRODUCT,TYPO_SKU_QUARANTINED_FOR_AUDIT,2026-09-02 11:35:27,CSH-005,157000.0
TRX-20260902-000129-001,TRX-20260902-000129,SKU-2096,UNKNOWN PRODUCT,TYPO_SKU_QUARANTINED_FOR_AUDIT,2026-09-02 11:40:58,CSH-005,12500.0
TRX-20260902-000139-004,TRX-20260902-000139,SKU-5011,UNKNOWN PRODUCT,TYPO_SKU_QUARANTINED_FOR_AUDIT,2026-09-02 12:12:40,CSH-005,115000.0
TRX-20260902-000139-011,TRX-20260902-000139,SKU-4906,UNKNOWN PRODUCT,TYPO_SKU_QUARANTINED_FOR_AUDIT,2026-09-02 12:12:40,CSH-005,16500.0
TRX-20260902-000139-013,TRX-20260902-000139,SKU-7006,UNKNOWN PRODUCT,TYPO_SKU_QUARANTINED_FOR_AUDIT,2026-09-02 12:12:40,CSH-005,21000.0
TRX-20260902-000133-002,TRX-20260902-000133,SKU-5903,UNKNOWN PRODUCT,TYPO_SKU_QUARANTINED_FOR_AUDIT,2026-09-02 12:18:31,CSH-003,77500.0
TRX-20260902-000148-010,TRX-20260902-000148,SKU-3006,Coca Cola 390ml,TYPO_SKU_QUARANTINED_FOR_AUDIT,2026-09-02 12:20:33,CSH-001,15000.0
TRX-20260902-000148-013,TRX-20260902-000148,SKU-1007,Saus Sambal ABC 335ml,VOID_ITEM_CANCELLED_BY_CUSTOMER,2026-09-02 12:20:33,CSH-001,87500.0
TRX-20260902-000132-005,TRX-20260902-000132,SKU-3030,UNKNOWN PRODUCT,TYPO_SKU_QUARANTINED_FOR_AUDIT,2026-09-02 12:30:07,CSH-001,34000.0
TRX-20260902-000142-004,TRX-20260902-000142,SKU-5005,Baygon Obat Nyamuk Semprot 600ml,TYPO_SKU_QUARANTINED_FOR_AUDIT,2026-09-02 12:34:49,CSH-001,84000.0
TRX-20260902-000142-005,TRX-20260902-000142,SKU-1011,Sarden ABC Saus Tomat 155g,TYPO_SKU_QUARANTINED_FOR_AUDIT,2026-09-02 12:34:49,CSH-001,24000.0
TRX-20260902-000142-010,TRX-20260902-000142,SKU-1003,Gula Pasir Gulaku 1kg,TYPO_SKU_QUARANTINED_FOR_AUDIT,2026-09-02 12:34:49,CSH-001,35000.0
TRX-20260902-000136-004,TRX-20260902-000136,SKU-1002,Minyak Goreng Bimoli 2L,VOID_ITEM_CANCELLED_BY_CUSTOMER,2026-09-02 12:57:55,CSH-001,75000.0
TRX-20260902-000136-012,TRX-20260902-000136,SKU-1010,Sedaap Mie Goreng 90g,VOID_ITEM_CANCELLED_BY_CUSTOMER,2026-09-02 12:57:55,CSH-001,6800.0
TRX-20260902-000157-007,TRX-20260902-000157,SKU-4004,Sikat Gigi Formula Double Action 3s,TYPO_SKU_QUARANTINED_FOR_AUDIT,2026-09-02 13:12:18,CSH-001,15500.0
TRX-20260902-000157-015,TRX-20260902-000157,SKU-1012,Kornet Sapi Pronas 198g,TYPO_SKU_QUARANTINED_FOR_AUDIT,2026-09-02 13:12:18,CSH-001,130000.0
TRX-20260902-000158-002,TRX-20260902-000158,SKU-2207,UNKNOWN PRODUCT,TYPO_SKU_QUARANTINED_FOR_AUDIT,2026-09-02 13:21:29,CSH-005,16500.0
TRX-20260902-000151-014,TRX-20260902-000151,SKU-4025,UNKNOWN PRODUCT,TYPO_SKU_QUARANTINED_FOR_AUDIT,2026-09-02 13:32:15,CSH-005,41000.0
TRX-20260902-000154-005,TRX-20260902-000154,SKU-5905,UNKNOWN PRODUCT,TYPO_SKU_QUARANTINED_FOR_AUDIT,2026-09-02 13:33:03,CSH-003,84000.0
TRX-20260902-000163-001,TRX-20260902-000163,SKU-4201,UNKNOWN PRODUCT,TYPO_SKU_QUARANTINED_FOR_AUDIT,2026-09-02 14:02:31,CSH-005,27500.0
TRX-20260902-000169-003,TRX-20260902-000169,SKU-5003,Sabun Cuci Piring Sunlight 650ml,TYPO_SKU_QUARANTINED_FOR_AUDIT,2026-09-02 14:09:55,CSH-005,15500.0
TRX-20260902-000169-006,TRX-20260902-000169,SKU-1206,UNKNOWN PRODUCT,TYPO_SKU_QUARANTINED_FOR_AUDIT,2026-09-02 14:09:55,CSH-005,25500.0
TRX-20260902-000169-011,TRX-20260902-000169,SKU-1000,UNKNOWN PRODUCT,TYPO_SKU_QUARANTINED_FOR_AUDIT,2026-09-02 14:09:55,CSH-005,157000.0
TRX-20260902-000169-014,TRX-20260902-000169,SKU-1093,UNKNOWN PRODUCT,TYPO_SKU_QUARANTINED_FOR_AUDIT,2026-09-02 14:09:55,CSH-005,52500.0
TRX-20260902-000164-002,TRX-20260902-000164,SKU-1007,Saus Sambal ABC 335ml,VOID_ITEM_CANCELLED_BY_CUSTOMER,2026-09-02 14:45:05,CSH-003,35000.0
TRX-20260902-000164-015,TRX-20260902-000164,SKU-1009,Indomie Kuah Ayam Bawang 69g,VOID_ITEM_CANCELLED_BY_CUSTOMER,2026-09-02 14:45:05,CSH-003,6800.0
TRX-20260902-000167-002,TRX-20260902-000167,SKU-2001,Telur Ayam Negeri 1kg,VOID_ITEM_CANCELLED_BY_CUSTOMER,2026-09-02 14:53:15,CSH-003,31000.0
TRX-20260902-000162-002_DUP,TRX-20260902-000162,SKU-1010,Sedaap Mie Goreng 90g,DOUBLE_SCAN_DUPLICATE_REMOVED,2026-09-02 14:59:05,CSH-001,3400.0
TRX-20260902-000162-012,TRX-20260902-000162,SKU-5001,Deterjen Rinso Anti Noda 770g,VOID_ITEM_CANCELLED_BY_CUSTOMER,2026-09-02 14:59:05,CSH-001,115000.0
TRX-20260902-000173-002,TRX-20260902-000173,SKU-2003,Susu Ultra Milk Cokelat 1L,VOID_ITEM_CANCELLED_BY_CUSTOMER,2026-09-02 15:52:45,CSH-004,21500.0
TRX-20260902-000181-002,TRX-20260902-000181,SKU-3008,Taro Net Seaweed 65g,TYPO_SKU_QUARANTINED_FOR_AUDIT,2026-09-02 16:05:30,CSH-004,9800.0
TRX-20260902-000183-001,TRX-20260902-000183,SKU-3908,UNKNOWN PRODUCT,TYPO_SKU_QUARANTINED_FOR_AUDIT,2026-09-02 16:15:37,CSH-004,9800.0
TRX-20260902-000176-005,TRX-20260902-000176,SKU-1012,Kornet Sapi Pronas 198g,VOID_ITEM_CANCELLED_BY_CUSTOMER,2026-09-02 16:21:17,CSH-002,26000.0
TRX-20260902-000179-005,TRX-20260902-000179,SKU-1010,Sedaap Mie Goreng 90g,VOID_ITEM_CANCELLED_BY_CUSTOMER,2026-09-02 16:51:26,CSH-002,6800.0
TRX-20260902-000179-006,TRX-20260902-000179,SKU-4004,Sikat Gigi Formula Double Action 3s,VOID_ITEM_CANCELLED_BY_CUSTOMER,2026-09-02 16:51:26,CSH-002,31000.0
TRX-20260902-000196-003,TRX-20260902-000196,SKU-4001,Sabun Mandi Lifebuoy Total 10 450ml,VOID_ITEM_CANCELLED_BY_CUSTOMER,2026-09-02 17:21:29,CSH-006,55000.0
TRX-20260902-000190-015,TRX-20260902-000190,SKU-4004,Sikat Gigi Formula Double Action 3s,VOID_ITEM_CANCELLED_BY_CUSTOMER,2026-09-02 17:35:22,CSH-006,15500.0
TRX-20260902-000187-002,TRX-20260902-000187,SKU-1011,Sarden ABC Saus Tomat 155g,VOID_ITEM_CANCELLED_BY_CUSTOMER,2026-09-02 17:36:44,CSH-006,12000.0
TRX-20260902-000198-003,TRX-20260902-000198,SKU-3006,Coca Cola 390ml,VOID_ITEM_CANCELLED_BY_CUSTOMER,2026-09-02 17:45:18,CSH-004,7500.0
TRX-20260902-000188-002,TRX-20260902-000188,SKU-3001,Air Mineral Aqua 600ml,VOID_ITEM_CANCELLED_BY_CUSTOMER,2026-09-02 17:48:28,CSH-002,4000.0
TRX-20260902-000188-006,TRX-20260902-000188,SKU-4004,Sikat Gigi Formula Double Action 3s,VOID_ITEM_CANCELLED_BY_CUSTOMER,2026-09-02 17:48:28,CSH-002,15500.0
TRX-20260902-000188-007,TRX-20260902-000188,SKU-3003,Teh Pucuk Harum 350ml,VOID_ITEM_CANCELLED_BY_CUSTOMER,2026-09-02 17:48:28,CSH-002,9000.0
TRX-20260902-000212-010,TRX-20260902-000212,SKU-5005,Baygon Obat Nyamuk Semprot 600ml,VOID_ITEM_CANCELLED_BY_CUSTOMER,2026-09-02 18:08:41,CSH-002,42000.0
TRX-20260902-000201-003,TRX-20260902-000201,SKU-1009,Indomie Kuah Ayam Bawang 69g,TYPO_SKU_QUARANTINED_FOR_AUDIT,2026-09-02 18:11:40,CSH-002,3400.0
TRX-20260902-000201-019,TRX-20260902-000201,SKU-1003,Gula Pasir Gulaku 1kg,VOID_ITEM_CANCELLED_BY_CUSTOMER,2026-09-02 18:11:40,CSH-002,52500.0
TRX-20260902-000215-004,TRX-20260902-000215,SKU-1008,Indomie Goreng Spesial 85g,VOID_ITEM_CANCELLED_BY_CUSTOMER,2026-09-02 18:16:34,CSH-006,3500.0
TRX-20260902-000215-005,TRX-20260902-000215,SKU-3107,UNKNOWN PRODUCT,TYPO_SKU_QUARANTINED_FOR_AUDIT,2026-09-02 18:16:34,CSH-006,25000.0
TRX-20260902-000215-007,TRX-20260902-000215,SKU-1004,Tepung Terigu Segitiga Biru 1kg,VOID_ITEM_CANCELLED_BY_CUSTOMER,2026-09-02 18:16:34,CSH-006,13500.0
TRX-20260902-000209-001,TRX-20260902-000209,SKU-1007,Saus Sambal ABC 335ml,TYPO_SKU_QUARANTINED_FOR_AUDIT,2026-09-02 18:17:53,CSH-002,35000.0
TRX-20260902-000203-001,TRX-20260902-000203,SKU-1009,Indomie Kuah Ayam Bawang 69g,VOID_ITEM_CANCELLED_BY_CUSTOMER,2026-09-02 18:37:28,CSH-006,6800.0
TRX-20260902-000203-006,TRX-20260902-000203,SKU-2004,Yakult Pack isi 5,VOID_ITEM_CANCELLED_BY_CUSTOMER,2026-09-02 18:37:28,CSH-006,23000.0
TRX-20260902-000213-004,TRX-20260902-000213,SKU-3006,Coca Cola 390ml,VOID_ITEM_CANCELLED_BY_CUSTOMER,2026-09-02 18:55:21,CSH-004,15000.0
TRX-20260902-000213-005,TRX-20260902-000213,SKU-1005,Garam Dapur Cap Kapal 250g,VOID_ITEM_CANCELLED_BY_CUSTOMER,2026-09-02 18:55:21,CSH-004,5000.0
TRX-20260902-000220-004,TRX-20260902-000220,SKU-5004,Pembersih Lantai Super Pell 770ml,VOID_ITEM_CANCELLED_BY_CUSTOMER,2026-09-02 19:18:49,CSH-006,14500.0
TRX-20260902-000220-007,TRX-20260902-000220,SKU-1005,Garam Dapur Cap Kapal 250g,VOID_ITEM_CANCELLED_BY_CUSTOMER,2026-09-02 19:18:49,CSH-006,10000.0
TRX-20260902-000220-009,TRX-20260902-000220,SKU-3909,UNKNOWN PRODUCT,TYPO_SKU_QUARANTINED_FOR_AUDIT,2026-09-02 19:18:49,CSH-006,22000.0
TRX-20260902-000216-001,TRX-20260902-000216,SKU-3004,Kopi Kapal Api Spesial Mix 10s,VOID_ITEM_CANCELLED_BY_CUSTOMER,2026-09-02 19:52:13,CSH-002,15500.0
TRX-20260902-000223-018,TRX-20260902-000223,SKU-5005,Baygon Obat Nyamuk Semprot 600ml,TYPO_SKU_QUARANTINED_FOR_AUDIT,2026-09-02 21:48:39,CSH-002,42000.0
TRX-20260903-000227-001,TRX-20260903-000227,SKU-2101,UNKNOWN PRODUCT,TYPO_SKU_QUARANTINED_FOR_AUDIT,2026-09-03 08:12:14,CSH-001,31000.0
TRX-20260903-000226-001,TRX-20260903-000226,SKU-3007,Chitato Sapi Panggang 68g,VOID_ITEM_CANCELLED_BY_CUSTOMER,2026-09-03 08:14:35,CSH-003,12500.0
TRX-20260903-000226-007,TRX-20260903-000226,SKU-1008,Indomie Goreng Spesial 85g,VOID_ITEM_CANCELLED_BY_CUSTOMER,2026-09-03 08:14:35,CSH-003,7000.0
TRX-20260903-000228-002,TRX-20260903-000228,SKU-1004,Tepung Terigu Segitiga Biru 1kg,VOID_ITEM_CANCELLED_BY_CUSTOMER,2026-09-03 08:24:48,CSH-001,27000.0
TRX-20260903-000232-001,TRX-20260903-000232,SKU-1020,UNKNOWN PRODUCT,TYPO_SKU_QUARANTINED_FOR_AUDIT,2026-09-03 09:52:56,CSH-001,6800.0
TRX-20260903-000235-005,TRX-20260903-000235,SKU-3006,Coca Cola 390ml,VOID_ITEM_CANCELLED_BY_CUSTOMER,2026-09-03 10:04:40,CSH-001,7500.0
TRX-20260903-000235-008,TRX-20260903-000235,SKU-4004,Sikat Gigi Formula Double Action 3s,VOID_ITEM_CANCELLED_BY_CUSTOMER,2026-09-03 10:04:40,CSH-001,15500.0
TRX-20260903-000236-003,TRX-20260903-000236,SKU-5093,UNKNOWN PRODUCT,TYPO_SKU_QUARANTINED_FOR_AUDIT,2026-09-03 10:05:35,CSH-001,31000.0
TRX-20260903-000234-002,TRX-20260903-000234,SKU-4004,Sikat Gigi Formula Double Action 3s,VOID_ITEM_CANCELLED_BY_CUSTOMER,2026-09-03 10:15:44,CSH-001,15500.0
TRX-20260903-000234-005,TRX-20260903-000234,SKU-6004,UNKNOWN PRODUCT,TYPO_SKU_QUARANTINED_FOR_AUDIT,2026-09-03 10:15:44,CSH-001,14500.0
TRX-20260903-000233-001,TRX-20260903-000233,SKU-1908,UNKNOWN PRODUCT,TYPO_SKU_QUARANTINED_FOR_AUDIT,2026-09-03 10:33:43,CSH-001,7000.0
TRX-20260903-000241-002,TRX-20260903-000241,SKU-3008,Taro Net Seaweed 65g,VOID_ITEM_CANCELLED_BY_CUSTOMER,2026-09-03 11:48:00,CSH-005,19600.0
TRX-20260903-000241-005,TRX-20260903-000241,SKU-1010,Sedaap Mie Goreng 90g,VOID_ITEM_CANCELLED_BY_CUSTOMER,2026-09-03 11:48:00,CSH-005,6800.0
TRX-20260903-000241-008,TRX-20260903-000241,SKU-3025,UNKNOWN PRODUCT,TYPO_SKU_QUARANTINED_FOR_AUDIT,2026-09-03 11:48:00,CSH-005,8000.0
TRX-20260903-000248-003,TRX-20260903-000248,SKU-2025,UNKNOWN PRODUCT,TYPO_SKU_QUARANTINED_FOR_AUDIT,2026-09-03 12:16:44,CSH-001,24000.0
TRX-20260903-000247-004,TRX-20260903-000247,SKU-3008,Taro Net Seaweed 65g,VOID_ITEM_CANCELLED_BY_CUSTOMER,2026-09-03 12:18:27,CSH-001,9800.0
TRX-20260903-000246-002,TRX-20260903-000246,SKU-3002,Air Mineral Le Minerale 600ml,TYPO_SKU_QUARANTINED_FOR_AUDIT,2026-09-03 12:38:54,CSH-001,7600.0
TRX-20260903-000243-015,TRX-20260903-000243,SKU-0008,UNKNOWN PRODUCT,TYPO_SKU_QUARANTINED_FOR_AUDIT,2026-09-03 12:52:14,CSH-005,10500.0
TRX-20260903-000243-020,TRX-20260903-000243,SKU-5906,UNKNOWN PRODUCT,TYPO_SKU_QUARANTINED_FOR_AUDIT,2026-09-03 12:52:14,CSH-005,63000.0
TRX-20260903-000260-001,TRX-20260903-000260,SKU-1009,Indomie Kuah Ayam Bawang 69g,VOID_ITEM_CANCELLED_BY_CUSTOMER,2026-09-03 13:11:39,CSH-001,6800.0
TRX-20260903-000258-008,TRX-20260903-000258,SKU-5004,Pembersih Lantai Super Pell 770ml,VOID_ITEM_CANCELLED_BY_CUSTOMER,2026-09-03 13:12:52,CSH-003,14500.0
TRX-20260903-000261-001,TRX-20260903-000261,SKU-3030,UNKNOWN PRODUCT,TYPO_SKU_QUARANTINED_FOR_AUDIT,2026-09-03 13:40:50,CSH-001,17000.0
TRX-20260903-000262-003,TRX-20260903-000262,SKU-5002,Pewangi Pakaian Molto All in 1 720ml,VOID_ITEM_CANCELLED_BY_CUSTOMER,2026-09-03 13:50:30,CSH-003,48000.0
TRX-20260903-000264-003,TRX-20260903-000264,SKU-1005,Garam Dapur Cap Kapal 250g,VOID_ITEM_CANCELLED_BY_CUSTOMER,2026-09-03 14:39:00,CSH-005,5000.0
TRX-20260903-000264-006,TRX-20260903-000264,SKU-3003,Teh Pucuk Harum 350ml,VOID_ITEM_CANCELLED_BY_CUSTOMER,2026-09-03 14:39:00,CSH-005,9000.0
TRX-20260903-000267-013,TRX-20260903-000267,SKU-5005,Baygon Obat Nyamuk Semprot 600ml,VOID_ITEM_CANCELLED_BY_CUSTOMER,2026-09-03 15:13:41,CSH-006,42000.0
TRX-20260903-000270-009,TRX-20260903-000270,SKU-1003,Gula Pasir Gulaku 1kg,VOID_ITEM_CANCELLED_BY_CUSTOMER,2026-09-03 15:32:55,CSH-006,35000.0
TRX-20260903-000278-001,TRX-20260903-000278,SKU-4005,Rexona Deodorant Roll On 45ml,VOID_ITEM_CANCELLED_BY_CUSTOMER,2026-09-03 17:00:48,CSH-002,20500.0
TRX-20260903-000278-002,TRX-20260903-000278,SKU-3210,UNKNOWN PRODUCT,TYPO_SKU_QUARANTINED_FOR_AUDIT,2026-09-03 17:00:48,CSH-002,17000.0
TRX-20260903-000288-002,TRX-20260903-000288,SKU-3003,Teh Pucuk Harum 350ml,VOID_ITEM_CANCELLED_BY_CUSTOMER,2026-09-03 17:19:10,CSH-006,9000.0
TRX-20260903-000287-001,TRX-20260903-000287,SKU-2008,Sari Roti Sobek Cokelat,VOID_ITEM_CANCELLED_BY_CUSTOMER,2026-09-03 17:53:56,CSH-002,19500.0
TRX-20260903-000292-004,TRX-20260903-000292,SKU-5004,Pembersih Lantai Super Pell 770ml,VOID_ITEM_CANCELLED_BY_CUSTOMER,2026-09-03 18:09:44,CSH-006,14500.0
TRX-20260903-000294-002,TRX-20260903-000294,SKU-2028,UNKNOWN PRODUCT,TYPO_SKU_QUARANTINED_FOR_AUDIT,2026-09-03 18:14:04,CSH-002,19500.0
TRX-20260903-000291-002,TRX-20260903-000291,SKU-1111,UNKNOWN PRODUCT,TYPO_SKU_QUARANTINED_FOR_AUDIT,2026-09-03 18:20:29,CSH-002,12000.0
TRX-20260903-000302-006,TRX-20260903-000302,SKU-5006,Baterai ABC Alkaline AA 4s,VOID_ITEM_CANCELLED_BY_CUSTOMER,2026-09-03 18:21:33,CSH-004,42000.0
TRX-20260903-000293-008,TRX-20260903-000293,SKU-1005,Garam Dapur Cap Kapal 250g,VOID_ITEM_CANCELLED_BY_CUSTOMER,2026-09-03 18:49:48,CSH-002,5000.0
TRX-20260903-000298-001,TRX-20260903-000298,SKU-1209,UNKNOWN PRODUCT,TYPO_SKU_QUARANTINED_FOR_AUDIT,2026-09-03 18:55:30,CSH-002,3400.0
TRX-20260903-000306-006,TRX-20260903-000306,SKU-1209,UNKNOWN PRODUCT,TYPO_SKU_QUARANTINED_FOR_AUDIT,2026-09-03 19:30:45,CSH-002,3400.0
TRX-20260903-000306-015,TRX-20260903-000306,SKU-1007,Saus Sambal ABC 335ml,VOID_ITEM_CANCELLED_BY_CUSTOMER,2026-09-03 19:30:45,CSH-002,52500.0
TRX-20260903-000308-005,TRX-20260903-000308,SKU-5014,UNKNOWN PRODUCT,TYPO_SKU_QUARANTINED_FOR_AUDIT,2026-09-03 19:35:25,CSH-004,29000.0
TRX-20260903-000308-011,TRX-20260903-000308,SKU-1027,UNKNOWN PRODUCT,TYPO_SKU_QUARANTINED_FOR_AUDIT,2026-09-03 19:35:25,CSH-004,35000.0
TRX-20260903-000304-007,TRX-20260903-000304,SKU-3020,UNKNOWN PRODUCT,TYPO_SKU_QUARANTINED_FOR_AUDIT,2026-09-03 19:57:29,CSH-006,17000.0
TRX-20260903-000310-006,TRX-20260903-000310,SKU-1907,UNKNOWN PRODUCT,TYPO_SKU_QUARANTINED_FOR_AUDIT,2026-09-03 20:08:27,CSH-002,17500.0
TRX-20260903-000313-004,TRX-20260903-000313,SKU-1008,Indomie Goreng Spesial 85g,VOID_ITEM_CANCELLED_BY_CUSTOMER,2026-09-03 20:44:37,CSH-002,3500.0
TRX-20260904-000315-007,TRX-20260904-000315,SKU-1005,Garam Dapur Cap Kapal 250g,VOID_ITEM_CANCELLED_BY_CUSTOMER,2026-09-04 08:46:05,CSH-001,5000.0
TRX-20260904-000315-010,TRX-20260904-000315,SKU-1008,Indomie Goreng Spesial 85g,TYPO_SKU_QUARANTINED_FOR_AUDIT,2026-09-04 08:46:05,CSH-001,3500.0
TRX-20260904-000315-011,TRX-20260904-000315,SKU-4101,UNKNOWN PRODUCT,TYPO_SKU_QUARANTINED_FOR_AUDIT,2026-09-04 08:46:05,CSH-001,55000.0
TRX-20260904-000315-017,TRX-20260904-000315,SKU-1002,Minyak Goreng Bimoli 2L,VOID_ITEM_CANCELLED_BY_CUSTOMER,2026-09-04 08:46:05,CSH-001,187500.0
TRX-20260904-000319-003,TRX-20260904-000319,SKU-3009,Oreo Original Roll 133g,VOID_ITEM_CANCELLED_BY_CUSTOMER,2026-09-04 09:31:25,CSH-005,11000.0
TRX-20260904-000324-004,TRX-20260904-000324,SKU-1000,UNKNOWN PRODUCT,TYPO_SKU_QUARANTINED_FOR_AUDIT,2026-09-04 10:11:29,CSH-003,3400.0
TRX-20260904-000322-004,TRX-20260904-000322,SKU-1009,Indomie Kuah Ayam Bawang 69g,VOID_ITEM_CANCELLED_BY_CUSTOMER,2026-09-04 10:59:21,CSH-001,3400.0
TRX-20260904-000333-008,TRX-20260904-000333,SKU-1911,UNKNOWN PRODUCT,TYPO_SKU_QUARANTINED_FOR_AUDIT,2026-09-04 11:06:04,CSH-003,60000.0
TRX-20260904-000333-018,TRX-20260904-000333,SKU-4003,Pasta Gigi Pepsodent 190g,VOID_ITEM_CANCELLED_BY_CUSTOMER,2026-09-04 11:06:04,CSH-003,17000.0
TRX-20260904-000330-006,TRX-20260904-000330,SKU-1005,Garam Dapur Cap Kapal 250g,VOID_ITEM_CANCELLED_BY_CUSTOMER,2026-09-04 11:18:23,CSH-005,5000.0
TRX-20260904-000330-008,TRX-20260904-000330,SKU-3003,Teh Pucuk Harum 350ml,VOID_ITEM_CANCELLED_BY_CUSTOMER,2026-09-04 11:18:23,CSH-005,4500.0
TRX-20260904-000331-009,TRX-20260904-000331,SKU-5006,Baterai ABC Alkaline AA 4s,VOID_ITEM_CANCELLED_BY_CUSTOMER,2026-09-04 11:26:18,CSH-001,42000.0
TRX-20260904-000327-013_DUP,TRX-20260904-000327,SKU-5001,Deterjen Rinso Anti Noda 770g,DOUBLE_SCAN_DUPLICATE_REMOVED,2026-09-04 11:37:09,CSH-003,23000.0
TRX-20260904-000327-016,TRX-20260904-000327,SKU-5104,UNKNOWN PRODUCT,TYPO_SKU_QUARANTINED_FOR_AUDIT,2026-09-04 11:37:09,CSH-003,14500.0
TRX-20260904-000328-003,TRX-20260904-000328,SKU-2005,Keju Kraft Cheddar 165g,VOID_ITEM_CANCELLED_BY_CUSTOMER,2026-09-04 11:54:59,CSH-005,24000.0
TRX-20260904-000336-001,TRX-20260904-000336,SKU-5005,Baygon Obat Nyamuk Semprot 600ml,TYPO_SKU_QUARANTINED_FOR_AUDIT,2026-09-04 12:15:05,CSH-003,42000.0
TRX-20260904-000338-003,TRX-20260904-000338,SKU-3094,UNKNOWN PRODUCT,TYPO_SKU_QUARANTINED_FOR_AUDIT,2026-09-04 12:33:31,CSH-005,15500.0
TRX-20260904-000343-001,TRX-20260904-000343,SKU-1008,Indomie Goreng Spesial 85g,VOID_ITEM_CANCELLED_BY_CUSTOMER,2026-09-04 12:34:38,CSH-005,3500.0
TRX-20260904-000339-004,TRX-20260904-000339,SKU-3006,Coca Cola 390ml,VOID_ITEM_CANCELLED_BY_CUSTOMER,2026-09-04 12:34:44,CSH-003,15000.0
TRX-20260904-000340-001,TRX-20260904-000340,SKU-1901,UNKNOWN PRODUCT,TYPO_SKU_QUARANTINED_FOR_AUDIT,2026-09-04 12:42:12,CSH-005,78500.0
TRX-20260904-000350-003,TRX-20260904-000350,SKU-2021,UNKNOWN PRODUCT,TYPO_SKU_QUARANTINED_FOR_AUDIT,2026-09-04 13:25:04,CSH-005,31000.0
TRX-20260904-000357-003,TRX-20260904-000357,SKU-2004,Yakult Pack isi 5,VOID_ITEM_CANCELLED_BY_CUSTOMER,2026-09-04 13:38:18,CSH-005,23000.0
TRX-20260904-000344-002,TRX-20260904-000344,SKU-3006,Coca Cola 390ml,VOID_ITEM_CANCELLED_BY_CUSTOMER,2026-09-04 13:43:13,CSH-003,7500.0
TRX-20260904-000347-019,TRX-20260904-000347,SKU-5205,UNKNOWN PRODUCT,TYPO_SKU_QUARANTINED_FOR_AUDIT,2026-09-04 13:56:07,CSH-003,42000.0
TRX-20260904-000359-002,TRX-20260904-000359,SKU-4202,UNKNOWN PRODUCT,TYPO_SKU_QUARANTINED_FOR_AUDIT,2026-09-04 14:01:16,CSH-003,26000.0
TRX-20260904-000358-004,TRX-20260904-000358,SKU-3026,UNKNOWN PRODUCT,TYPO_SKU_QUARANTINED_FOR_AUDIT,2026-09-04 14:45:29,CSH-003,7500.0
TRX-20260904-000365-003,TRX-20260904-000365,SKU-3009,Oreo Original Roll 133g,VOID_ITEM_CANCELLED_BY_CUSTOMER,2026-09-04 16:41:17,CSH-002,11000.0
TRX-20260904-000367-002,TRX-20260904-000367,SKU-5906,UNKNOWN PRODUCT,TYPO_SKU_QUARANTINED_FOR_AUDIT,2026-09-04 17:01:03,CSH-002,21000.0
TRX-20260904-000376-003,TRX-20260904-000376,SKU-3207,UNKNOWN PRODUCT,VOID_ITEM_CANCELLED_BY_CUSTOMER,2026-09-04 17:48:32,CSH-002,25000.0
TRX-20260904-000380-006,TRX-20260904-000380,SKU-1007,Saus Sambal ABC 335ml,VOID_ITEM_CANCELLED_BY_CUSTOMER,2026-09-04 17:50:22,CSH-002,17500.0
TRX-20260904-000375-005,TRX-20260904-000375,SKU-4003,Pasta Gigi Pepsodent 190g,VOID_ITEM_CANCELLED_BY_CUSTOMER,2026-09-04 17:55:27,CSH-002,17000.0
TRX-20260904-000391-001,TRX-20260904-000391,SKU-4000,UNKNOWN PRODUCT,TYPO_SKU_QUARANTINED_FOR_AUDIT,2026-09-04 18:07:08,CSH-002,137500.0
TRX-20260904-000391-004,TRX-20260904-000391,SKU-1007,Saus Sambal ABC 335ml,VOID_ITEM_CANCELLED_BY_CUSTOMER,2026-09-04 18:07:08,CSH-002,35000.0
TRX-20260904-000383-001,TRX-20260904-000383,SKU-3002,Air Mineral Le Minerale 600ml,VOID_ITEM_CANCELLED_BY_CUSTOMER,2026-09-04 18:26:12,CSH-002,3800.0
TRX-20260904-000389-002,TRX-20260904-000389,SKU-4003,Pasta Gigi Pepsodent 190g,VOID_ITEM_CANCELLED_BY_CUSTOMER,2026-09-04 18:35:05,CSH-006,34000.0
TRX-20260904-000386-004,TRX-20260904-000386,SKU-3007,Chitato Sapi Panggang 68g,VOID_ITEM_CANCELLED_BY_CUSTOMER,2026-09-04 18:51:54,CSH-002,12500.0
TRX-20260904-000394-013,TRX-20260904-000394,SKU-4002,Shampoo Sunsilk Black Shine 160ml,TYPO_SKU_QUARANTINED_FOR_AUDIT,2026-09-04 19:09:42,CSH-002,78000.0
TRX-20260904-000401-001,TRX-20260904-000401,SKU-3009,Oreo Original Roll 133g,VOID_ITEM_CANCELLED_BY_CUSTOMER,2026-09-04 20:25:45,CSH-006,22000.0
TRX-20260904-000401-004,TRX-20260904-000401,SKU-1004,Tepung Terigu Segitiga Biru 1kg,VOID_ITEM_CANCELLED_BY_CUSTOMER,2026-09-04 20:25:45,CSH-006,13500.0
TRX-20260905-000406-002,TRX-20260905-000406,SKU-1005,Garam Dapur Cap Kapal 250g,VOID_ITEM_CANCELLED_BY_CUSTOMER,2026-09-05 08:09:11,CSH-003,5000.0
TRX-20260905-000405-001,TRX-20260905-000405,SKU-3006,Coca Cola 390ml,VOID_ITEM_CANCELLED_BY_CUSTOMER,2026-09-05 08:16:24,CSH-003,7500.0
TRX-20260905-000409-003,TRX-20260905-000409,SKU-3003,Teh Pucuk Harum 350ml,TYPO_SKU_QUARANTINED_FOR_AUDIT,2026-09-05 09:02:05,CSH-003,4500.0
TRX-20260905-000410-001,TRX-20260905-000410,SKU-1010,Sedaap Mie Goreng 90g,VOID_ITEM_CANCELLED_BY_CUSTOMER,2026-09-05 09:03:44,CSH-001,3400.0
TRX-20260905-000410-007,TRX-20260905-000410,SKU-4001,Sabun Mandi Lifebuoy Total 10 450ml,TYPO_SKU_QUARANTINED_FOR_AUDIT,2026-09-05 09:03:44,CSH-001,82500.0
TRX-20260905-000417-005,TRX-20260905-000417,SKU-4003,Pasta Gigi Pepsodent 190g,TYPO_SKU_QUARANTINED_FOR_AUDIT,2026-09-05 10:02:46,CSH-001,17000.0
TRX-20260905-000421-005,TRX-20260905-000421,SKU-3004,Kopi Kapal Api Spesial Mix 10s,VOID_ITEM_CANCELLED_BY_CUSTOMER,2026-09-05 10:24:10,CSH-005,15500.0
TRX-20260905-000413-012,TRX-20260905-000413,SKU-4007,Minyak Telon My Baby 90ml,VOID_ITEM_CANCELLED_BY_CUSTOMER,2026-09-05 10:30:47,CSH-001,140000.0
TRX-20260905-000413-014,TRX-20260905-000413,SKU-1018,UNKNOWN PRODUCT,TYPO_SKU_QUARANTINED_FOR_AUDIT,2026-09-05 10:30:47,CSH-001,3500.0
TRX-20260905-000420-007,TRX-20260905-000420,SKU-4105,UNKNOWN PRODUCT,TYPO_SKU_QUARANTINED_FOR_AUDIT,2026-09-05 10:39:24,CSH-001,61500.0
TRX-20260905-000419-001,TRX-20260905-000419,SKU-3006,Coca Cola 390ml,TYPO_SKU_QUARANTINED_FOR_AUDIT,2026-09-05 10:50:40,CSH-005,7500.0
TRX-20260905-000419-002,TRX-20260905-000419,SKU-4002,Shampoo Sunsilk Black Shine 160ml,VOID_ITEM_CANCELLED_BY_CUSTOMER,2026-09-05 10:50:40,CSH-005,26000.0
TRX-20260905-000424-011,TRX-20260905-000424,SKU-1003,Gula Pasir Gulaku 1kg,TYPO_SKU_QUARANTINED_FOR_AUDIT,2026-09-05 11:00:43,CSH-001,35000.0
TRX-20260905-000424-015,TRX-20260905-000424,SKU-4006,Paseo Facial Tissue 250 Sheets,TYPO_SKU_QUARANTINED_FOR_AUDIT,2026-09-05 11:00:43,CSH-001,16500.0
TRX-20260905-000426-006,TRX-20260905-000426,SKU-5006,Baterai ABC Alkaline AA 4s,VOID_ITEM_CANCELLED_BY_CUSTOMER,2026-09-05 11:20:18,CSH-001,21000.0
TRX-20260905-000425-005,TRX-20260905-000425,SKU-2007,Sari Roti Tawar Spesial,TYPO_SKU_QUARANTINED_FOR_AUDIT,2026-09-05 11:21:10,CSH-003,16500.0
TRX-20260905-000422-004,TRX-20260905-000422,SKU-3005,Good Day Moccacino 250ml,VOID_ITEM_CANCELLED_BY_CUSTOMER,2026-09-05 11:52:01,CSH-003,16000.0
TRX-20260905-000422-005,TRX-20260905-000422,SKU-3007,Chitato Sapi Panggang 68g,VOID_ITEM_CANCELLED_BY_CUSTOMER,2026-09-05 11:52:01,CSH-003,25000.0
TRX-20260905-000441-004,TRX-20260905-000441,SKU-4003,Pasta Gigi Pepsodent 190g,VOID_ITEM_CANCELLED_BY_CUSTOMER,2026-09-05 12:19:21,CSH-005,34000.0
TRX-20260905-000441-008,TRX-20260905-000441,SKU-1904,UNKNOWN PRODUCT,TYPO_SKU_QUARANTINED_FOR_AUDIT,2026-09-05 12:19:21,CSH-005,67500.0
TRX-20260905-000441-010,TRX-20260905-000441,SKU-4021,UNKNOWN PRODUCT,TYPO_SKU_QUARANTINED_FOR_AUDIT,2026-09-05 12:19:21,CSH-005,27500.0
TRX-20260905-000441-012,TRX-20260905-000441,SKU-4008,UNKNOWN PRODUCT,TYPO_SKU_QUARANTINED_FOR_AUDIT,2026-09-05 12:19:21,CSH-005,16500.0
TRX-20260905-000429-003,TRX-20260905-000429,SKU-1029,UNKNOWN PRODUCT,TYPO_SKU_QUARANTINED_FOR_AUDIT,2026-09-05 12:24:10,CSH-005,3400.0
TRX-20260905-000429-004,TRX-20260905-000429,SKU-5094,UNKNOWN PRODUCT,VOID_ITEM_CANCELLED_BY_CUSTOMER,2026-09-05 12:24:10,CSH-005,29000.0
TRX-20260905-000429-005,TRX-20260905-000429,SKU-3203,UNKNOWN PRODUCT,TYPO_SKU_QUARANTINED_FOR_AUDIT,2026-09-05 12:24:10,CSH-005,9000.0
TRX-20260905-000430-001,TRX-20260905-000430,SKU-3002,Air Mineral Le Minerale 600ml,VOID_ITEM_CANCELLED_BY_CUSTOMER,2026-09-05 12:55:01,CSH-001,7600.0
TRX-20260905-000430-003,TRX-20260905-000430,SKU-0005,UNKNOWN PRODUCT,VOID_ITEM_CANCELLED_BY_CUSTOMER,2026-09-05 12:55:01,CSH-001,10000.0
TRX-20260905-000449-001,TRX-20260905-000449,SKU-1011,Sarden ABC Saus Tomat 155g,VOID_ITEM_CANCELLED_BY_CUSTOMER,2026-09-05 13:10:30,CSH-005,24000.0
TRX-20260905-000449-004,TRX-20260905-000449,SKU-1005,Garam Dapur Cap Kapal 250g,VOID_ITEM_CANCELLED_BY_CUSTOMER,2026-09-05 13:10:30,CSH-005,10000.0
TRX-20260905-000449-008,TRX-20260905-000449,SKU-3009,Oreo Original Roll 133g,VOID_ITEM_CANCELLED_BY_CUSTOMER,2026-09-05 13:10:30,CSH-005,11000.0
TRX-20260905-000447-016,TRX-20260905-000447,SKU-5002,Pewangi Pakaian Molto All in 1 720ml,TYPO_SKU_QUARANTINED_FOR_AUDIT,2026-09-05 13:17:52,CSH-005,48000.0
TRX-20260905-000446-004,TRX-20260905-000446,SKU-2004,Yakult Pack isi 5,VOID_ITEM_CANCELLED_BY_CUSTOMER,2026-09-05 13:23:02,CSH-003,11500.0
TRX-20260905-000451-002,TRX-20260905-000451,SKU-1911,UNKNOWN PRODUCT,TYPO_SKU_QUARANTINED_FOR_AUDIT,2026-09-05 13:24:09,CSH-001,36000.0
TRX-20260905-000444-004,TRX-20260905-000444,SKU-3005,Good Day Moccacino 250ml,VOID_ITEM_CANCELLED_BY_CUSTOMER,2026-09-05 13:56:35,CSH-001,16000.0
TRX-20260905-000444-005,TRX-20260905-000444,SKU-5004,Pembersih Lantai Super Pell 770ml,VOID_ITEM_CANCELLED_BY_CUSTOMER,2026-09-05 13:56:35,CSH-001,14500.0
TRX-20260905-000444-006,TRX-20260905-000444,SKU-5024,UNKNOWN PRODUCT,VOID_ITEM_CANCELLED_BY_CUSTOMER,2026-09-05 13:56:35,CSH-001,14500.0
TRX-20260905-000455-001,TRX-20260905-000455,SKU-1009,Indomie Kuah Ayam Bawang 69g,VOID_ITEM_CANCELLED_BY_CUSTOMER,2026-09-05 14:13:11,CSH-001,3400.0
TRX-20260905-000459-001,TRX-20260905-000459,SKU-3008,Taro Net Seaweed 65g,TYPO_SKU_QUARANTINED_FOR_AUDIT,2026-09-05 14:23:17,CSH-001,9800.0
TRX-20260905-000458-003,TRX-20260905-000458,SKU-2006,Mentega Blue Band 200g,VOID_ITEM_CANCELLED_BY_CUSTOMER,2026-09-05 14:33:40,CSH-003,25000.0
TRX-20260905-000461-008,TRX-20260905-000461,SKU-4103,UNKNOWN PRODUCT,TYPO_SKU_QUARANTINED_FOR_AUDIT,2026-09-05 14:34:30,CSH-001,17000.0
TRX-20260905-000456-004,TRX-20260905-000456,SKU-5102,UNKNOWN PRODUCT,TYPO_SKU_QUARANTINED_FOR_AUDIT,2026-09-05 14:35:57,CSH-005,24000.0
TRX-20260905-000462-003,TRX-20260905-000462,SKU-5007,UNKNOWN PRODUCT,VOID_ITEM_CANCELLED_BY_CUSTOMER,2026-09-05 14:55:18,CSH-001,25000.0
TRX-20260905-000478-007,TRX-20260905-000478,SKU-5004,Pembersih Lantai Super Pell 770ml,TYPO_SKU_QUARANTINED_FOR_AUDIT,2026-09-05 16:11:25,CSH-004,14500.0
TRX-20260905-000476-003,TRX-20260905-000476,SKU-5004,Pembersih Lantai Super Pell 770ml,VOID_ITEM_CANCELLED_BY_CUSTOMER,2026-09-05 16:14:28,CSH-006,29000.0
TRX-20260905-000480-008,TRX-20260905-000480,SKU-1009,Indomie Kuah Ayam Bawang 69g,VOID_ITEM_CANCELLED_BY_CUSTOMER,2026-09-05 16:19:44,CSH-004,10200.0
TRX-20260905-000473-002,TRX-20260905-000473,SKU-5004,Pembersih Lantai Super Pell 770ml,VOID_ITEM_CANCELLED_BY_CUSTOMER,2026-09-05 16:21:00,CSH-004,29000.0
TRX-20260905-000475-004,TRX-20260905-000475,SKU-1011,Sarden ABC Saus Tomat 155g,VOID_ITEM_CANCELLED_BY_CUSTOMER,2026-09-05 16:39:38,CSH-004,12000.0
TRX-20260905-000469-002,TRX-20260905-000469,SKU-3010,SilverQueen Cokelat Mede 58g,VOID_ITEM_CANCELLED_BY_CUSTOMER,2026-09-05 16:57:42,CSH-006,17000.0
TRX-20260905-000479-021,TRX-20260905-000479,SKU-4004,Sikat Gigi Formula Double Action 3s,VOID_ITEM_CANCELLED_BY_CUSTOMER,2026-09-05 16:58:14,CSH-004,31000.0
TRX-20260905-000495-005,TRX-20260905-000495,SKU-1012,Kornet Sapi Pronas 198g,TYPO_SKU_QUARANTINED_FOR_AUDIT,2026-09-05 17:10:35,CSH-002,78000.0
TRX-20260905-000492-005,TRX-20260905-000492,SKU-4004,Sikat Gigi Formula Double Action 3s,VOID_ITEM_CANCELLED_BY_CUSTOMER,2026-09-05 17:16:09,CSH-002,15500.0
TRX-20260905-000496-001,TRX-20260905-000496,SKU-4024,UNKNOWN PRODUCT,VOID_ITEM_CANCELLED_BY_CUSTOMER,2026-09-05 17:23:53,CSH-002,31000.0
TRX-20260905-000496-005,TRX-20260905-000496,SKU-1005,Garam Dapur Cap Kapal 250g,VOID_ITEM_CANCELLED_BY_CUSTOMER,2026-09-05 17:23:53,CSH-002,10000.0
TRX-20260905-000494-012,TRX-20260905-000494,SKU-1008,Indomie Goreng Spesial 85g,VOID_ITEM_CANCELLED_BY_CUSTOMER,2026-09-05 17:54:36,CSH-004,3500.0
TRX-20260905-000504-012,TRX-20260905-000504,SKU-1908,UNKNOWN PRODUCT,TYPO_SKU_QUARANTINED_FOR_AUDIT,2026-09-05 18:19:14,CSH-006,10500.0
TRX-20260905-000505-012,TRX-20260905-000505,SKU-1010,Sedaap Mie Goreng 90g,VOID_ITEM_CANCELLED_BY_CUSTOMER,2026-09-05 18:24:52,CSH-006,3400.0
TRX-20260905-000501-001,TRX-20260905-000501,SKU-3908,UNKNOWN PRODUCT,TYPO_SKU_QUARANTINED_FOR_AUDIT,2026-09-05 18:32:13,CSH-006,19600.0
TRX-20260905-000501-008,TRX-20260905-000501,SKU-2004,Yakult Pack isi 5,VOID_ITEM_CANCELLED_BY_CUSTOMER,2026-09-05 18:32:13,CSH-006,23000.0
TRX-20260905-000508-004,TRX-20260905-000508,SKU-5002,Pewangi Pakaian Molto All in 1 720ml,VOID_ITEM_CANCELLED_BY_CUSTOMER,2026-09-05 18:38:46,CSH-004,48000.0
TRX-20260905-000502-002,TRX-20260905-000502,SKU-2007,Sari Roti Tawar Spesial,VOID_ITEM_CANCELLED_BY_CUSTOMER,2026-09-05 18:39:47,CSH-006,16500.0
TRX-20260905-000502-006,TRX-20260905-000502,SKU-3008,Taro Net Seaweed 65g,TYPO_SKU_QUARANTINED_FOR_AUDIT,2026-09-05 18:39:47,CSH-006,9800.0
TRX-20260905-000514-001,TRX-20260905-000514,SKU-3093,UNKNOWN PRODUCT,TYPO_SKU_QUARANTINED_FOR_AUDIT,2026-09-05 18:41:18,CSH-006,4500.0
TRX-20260905-000499-002,TRX-20260905-000499,SKU-3008,Taro Net Seaweed 65g,TYPO_SKU_QUARANTINED_FOR_AUDIT,2026-09-05 18:42:11,CSH-004,19600.0
TRX-20260905-000506-010,TRX-20260905-000506,SKU-6002,UNKNOWN PRODUCT,TYPO_SKU_QUARANTINED_FOR_AUDIT,2026-09-05 18:55:59,CSH-006,24000.0
TRX-20260905-000506-017,TRX-20260905-000506,SKU-1007,Saus Sambal ABC 335ml,VOID_ITEM_CANCELLED_BY_CUSTOMER,2026-09-05 18:55:59,CSH-006,17500.0
TRX-20260905-000519-004,TRX-20260905-000519,SKU-1210,UNKNOWN PRODUCT,VOID_ITEM_CANCELLED_BY_CUSTOMER,2026-09-05 19:10:10,CSH-006,6800.0
TRX-20260905-000519-005,TRX-20260905-000519,SKU-3006,Coca Cola 390ml,VOID_ITEM_CANCELLED_BY_CUSTOMER,2026-09-05 19:10:10,CSH-006,7500.0
TRX-20260905-000519-006,TRX-20260905-000519,SKU-3004,Kopi Kapal Api Spesial Mix 10s,VOID_ITEM_CANCELLED_BY_CUSTOMER,2026-09-05 19:10:10,CSH-006,31000.0
TRX-20260905-000517-002,TRX-20260905-000517,SKU-2012,UNKNOWN PRODUCT,TYPO_SKU_QUARANTINED_FOR_AUDIT,2026-09-05 19:13:03,CSH-006,52000.0
TRX-20260905-000517-016,TRX-20260905-000517,SKU-2091,UNKNOWN PRODUCT,TYPO_SKU_QUARANTINED_FOR_AUDIT,2026-09-05 19:13:03,CSH-006,62000.0
TRX-20260905-000520-003,TRX-20260905-000520,SKU-1009,Indomie Kuah Ayam Bawang 69g,TYPO_SKU_QUARANTINED_FOR_AUDIT,2026-09-05 20:08:35,CSH-004,6800.0
TRX-20260905-000520-009,TRX-20260905-000520,SKU-3009,Oreo Original Roll 133g,VOID_ITEM_CANCELLED_BY_CUSTOMER,2026-09-05 20:08:35,CSH-004,11000.0
TRX-20260905-000523-001,TRX-20260905-000523,SKU-2005,Keju Kraft Cheddar 165g,VOID_ITEM_CANCELLED_BY_CUSTOMER,2026-09-05 21:07:35,CSH-002,24000.0
TRX-20260906-000532-015,TRX-20260906-000532,SKU-5006,Baterai ABC Alkaline AA 4s,VOID_ITEM_CANCELLED_BY_CUSTOMER,2026-09-06 09:16:06,CSH-001,21000.0
TRX-20260906-000534-012,TRX-20260906-000534,SKU-4002,Shampoo Sunsilk Black Shine 160ml,VOID_ITEM_CANCELLED_BY_CUSTOMER,2026-09-06 09:16:27,CSH-005,26000.0
TRX-20260906-000530-003,TRX-20260906-000530,SKU-5007,UNKNOWN PRODUCT,TYPO_SKU_QUARANTINED_FOR_AUDIT,2026-09-06 09:36:14,CSH-005,25000.0
TRX-20260906-000538-006_DUP,TRX-20260906-000538,SKU-1011,Sarden ABC Saus Tomat 155g,DOUBLE_SCAN_DUPLICATE_REMOVED,2026-09-06 10:06:47,CSH-001,12000.0
TRX-20260906-000538-009,TRX-20260906-000538,SKU-5002,Pewangi Pakaian Molto All in 1 720ml,TYPO_SKU_QUARANTINED_FOR_AUDIT,2026-09-06 10:06:47,CSH-001,24000.0
TRX-20260906-000537-010,TRX-20260906-000537,SKU-4007,Minyak Telon My Baby 90ml,TYPO_SKU_QUARANTINED_FOR_AUDIT,2026-09-06 10:49:04,CSH-003,56000.0
TRX-20260906-000543-001,TRX-20260906-000543,SKU-1005,Garam Dapur Cap Kapal 250g,VOID_ITEM_CANCELLED_BY_CUSTOMER,2026-09-06 11:45:25,CSH-003,5000.0
TRX-20260906-000545-003,TRX-20260906-000545,SKU-2906,UNKNOWN PRODUCT,TYPO_SKU_QUARANTINED_FOR_AUDIT,2026-09-06 11:54:08,CSH-001,12500.0
TRX-20260906-000542-004,TRX-20260906-000542,SKU-4007,Minyak Telon My Baby 90ml,TYPO_SKU_QUARANTINED_FOR_AUDIT,2026-09-06 11:58:43,CSH-005,140000.0
TRX-20260906-000542-008,TRX-20260906-000542,SKU-2003,Susu Ultra Milk Cokelat 1L,TYPO_SKU_QUARANTINED_FOR_AUDIT,2026-09-06 11:58:43,CSH-005,21500.0
TRX-20260906-000542-014,TRX-20260906-000542,SKU-6005,UNKNOWN PRODUCT,TYPO_SKU_QUARANTINED_FOR_AUDIT,2026-09-06 11:58:43,CSH-005,42000.0
TRX-20260906-000556-017,TRX-20260906-000556,SKU-1010,Sedaap Mie Goreng 90g,VOID_ITEM_CANCELLED_BY_CUSTOMER,2026-09-06 12:04:15,CSH-001,6800.0
TRX-20260906-000556-018,TRX-20260906-000556,SKU-5013,UNKNOWN PRODUCT,TYPO_SKU_QUARANTINED_FOR_AUDIT,2026-09-06 12:04:15,CSH-001,15500.0
TRX-20260906-000564-018,TRX-20260906-000564,SKU-5001,Deterjen Rinso Anti Noda 770g,VOID_ITEM_CANCELLED_BY_CUSTOMER,2026-09-06 12:05:32,CSH-003,23000.0
TRX-20260906-000563-004,TRX-20260906-000563,SKU-1005,Garam Dapur Cap Kapal 250g,VOID_ITEM_CANCELLED_BY_CUSTOMER,2026-09-06 12:32:07,CSH-003,5000.0
TRX-20260906-000549-002,TRX-20260906-000549,SKU-3008,Taro Net Seaweed 65g,VOID_ITEM_CANCELLED_BY_CUSTOMER,2026-09-06 12:33:41,CSH-001,19600.0
TRX-20260906-000565-002,TRX-20260906-000565,SKU-1095,UNKNOWN PRODUCT,TYPO_SKU_QUARANTINED_FOR_AUDIT,2026-09-06 12:45:16,CSH-001,10000.0
TRX-20260906-000565-005,TRX-20260906-000565,SKU-4104,UNKNOWN PRODUCT,TYPO_SKU_QUARANTINED_FOR_AUDIT,2026-09-06 12:45:16,CSH-001,31000.0
TRX-20260906-000565-006,TRX-20260906-000565,SKU-1009,Indomie Kuah Ayam Bawang 69g,VOID_ITEM_CANCELLED_BY_CUSTOMER,2026-09-06 12:45:16,CSH-001,3400.0
TRX-20260906-000554-004,TRX-20260906-000554,SKU-2004,Yakult Pack isi 5,VOID_ITEM_CANCELLED_BY_CUSTOMER,2026-09-06 12:47:23,CSH-005,23000.0
TRX-20260906-000551-002,TRX-20260906-000551,SKU-1109,UNKNOWN PRODUCT,TYPO_SKU_QUARANTINED_FOR_AUDIT,2026-09-06 12:54:39,CSH-005,3400.0
TRX-20260906-000577-002,TRX-20260906-000577,SKU-1004,Tepung Terigu Segitiga Biru 1kg,VOID_ITEM_CANCELLED_BY_CUSTOMER,2026-09-06 13:03:36,CSH-005,13500.0
TRX-20260906-000577-018,TRX-20260906-000577,SKU-1000,UNKNOWN PRODUCT,TYPO_SKU_QUARANTINED_FOR_AUDIT,2026-09-06 13:03:36,CSH-005,6800.0
TRX-20260906-000575-015,TRX-20260906-000575,SKU-4202,UNKNOWN PRODUCT,TYPO_SKU_QUARANTINED_FOR_AUDIT,2026-09-06 13:07:52,CSH-005,52000.0
TRX-20260906-000566-002,TRX-20260906-000566,SKU-3002,Air Mineral Le Minerale 600ml,VOID_ITEM_CANCELLED_BY_CUSTOMER,2026-09-06 13:16:42,CSH-005,3800.0
TRX-20260906-000566-003,TRX-20260906-000566,SKU-3030,UNKNOWN PRODUCT,TYPO_SKU_QUARANTINED_FOR_AUDIT,2026-09-06 13:16:42,CSH-005,17000.0
TRX-20260906-000571-001,TRX-20260906-000571,SKU-3007,Chitato Sapi Panggang 68g,VOID_ITEM_CANCELLED_BY_CUSTOMER,2026-09-06 13:19:40,CSH-005,25000.0
TRX-20260906-000569-005,TRX-20260906-000569,SKU-3001,Air Mineral Aqua 600ml,TYPO_SKU_QUARANTINED_FOR_AUDIT,2026-09-06 13:24:23,CSH-005,4000.0
TRX-20260906-000568-002,TRX-20260906-000568,SKU-2022,UNKNOWN PRODUCT,TYPO_SKU_QUARANTINED_FOR_AUDIT,2026-09-06 13:29:24,CSH-001,21500.0
TRX-20260906-000579-002,TRX-20260906-000579,SKU-1011,Sarden ABC Saus Tomat 155g,TYPO_SKU_QUARANTINED_FOR_AUDIT,2026-09-06 13:40:08,CSH-001,24000.0
TRX-20260906-000572-004,TRX-20260906-000572,SKU-3008,Taro Net Seaweed 65g,VOID_ITEM_CANCELLED_BY_CUSTOMER,2026-09-06 13:46:38,CSH-005,9800.0
TRX-20260906-000572-007,TRX-20260906-000572,SKU-4007,Minyak Telon My Baby 90ml,TYPO_SKU_QUARANTINED_FOR_AUDIT,2026-09-06 13:46:38,CSH-005,28000.0
TRX-20260906-000581-003,TRX-20260906-000581,SKU-5003,Sabun Cuci Piring Sunlight 650ml,TYPO_SKU_QUARANTINED_FOR_AUDIT,2026-09-06 14:32:36,CSH-005,15500.0
TRX-20260906-000585-002,TRX-20260906-000585,SKU-1004,Tepung Terigu Segitiga Biru 1kg,VOID_ITEM_CANCELLED_BY_CUSTOMER,2026-09-06 15:06:27,CSH-006,13500.0
TRX-20260906-000585-003,TRX-20260906-000585,SKU-3005,Good Day Moccacino 250ml,VOID_ITEM_CANCELLED_BY_CUSTOMER,2026-09-06 15:06:27,CSH-006,8000.0
TRX-20260906-000586-007,TRX-20260906-000586,SKU-3009,Oreo Original Roll 133g,VOID_ITEM_CANCELLED_BY_CUSTOMER,2026-09-06 15:28:02,CSH-006,11000.0
TRX-20260906-000591-015,TRX-20260906-000591,SKU-4003,Pasta Gigi Pepsodent 190g,VOID_ITEM_CANCELLED_BY_CUSTOMER,2026-09-06 16:03:33,CSH-004,34000.0
TRX-20260906-000587-005,TRX-20260906-000587,SKU-1009,Indomie Kuah Ayam Bawang 69g,VOID_ITEM_CANCELLED_BY_CUSTOMER,2026-09-06 16:28:01,CSH-006,6800.0
TRX-20260906-000589-013,TRX-20260906-000589,SKU-1010,Sedaap Mie Goreng 90g,VOID_ITEM_CANCELLED_BY_CUSTOMER,2026-09-06 16:59:34,CSH-004,10200.0
TRX-20260906-000601-003,TRX-20260906-000601,SKU-5004,Pembersih Lantai Super Pell 770ml,VOID_ITEM_CANCELLED_BY_CUSTOMER,2026-09-06 17:26:10,CSH-004,14500.0
TRX-20260906-000602-006,TRX-20260906-000602,SKU-4002,Shampoo Sunsilk Black Shine 160ml,VOID_ITEM_CANCELLED_BY_CUSTOMER,2026-09-06 17:28:42,CSH-006,78000.0
TRX-20260906-000602-017,TRX-20260906-000602,SKU-1007,Saus Sambal ABC 335ml,VOID_ITEM_CANCELLED_BY_CUSTOMER,2026-09-06 17:28:42,CSH-006,17500.0
TRX-20260906-000600-005,TRX-20260906-000600,SKU-5005,Baygon Obat Nyamuk Semprot 600ml,TYPO_SKU_QUARANTINED_FOR_AUDIT,2026-09-06 17:33:52,CSH-004,84000.0
TRX-20260906-000598-006,TRX-20260906-000598,SKU-5003,Sabun Cuci Piring Sunlight 650ml,VOID_ITEM_CANCELLED_BY_CUSTOMER,2026-09-06 17:37:19,CSH-004,31000.0
TRX-20260906-000598-009,TRX-20260906-000598,SKU-3001,Air Mineral Aqua 600ml,VOID_ITEM_CANCELLED_BY_CUSTOMER,2026-09-06 17:37:19,CSH-004,4000.0
TRX-20260906-000596-006,TRX-20260906-000596,SKU-3011,UNKNOWN PRODUCT,TYPO_SKU_QUARANTINED_FOR_AUDIT,2026-09-06 17:52:25,CSH-002,12000.0
TRX-20260906-000614-001,TRX-20260906-000614,SKU-1010,Sedaap Mie Goreng 90g,VOID_ITEM_CANCELLED_BY_CUSTOMER,2026-09-06 18:10:38,CSH-004,3400.0
TRX-20260906-000614-020,TRX-20260906-000614,SKU-5001,Deterjen Rinso Anti Noda 770g,VOID_ITEM_CANCELLED_BY_CUSTOMER,2026-09-06 18:10:38,CSH-004,23000.0
TRX-20260906-000623-002,TRX-20260906-000623,SKU-3003,Teh Pucuk Harum 350ml,VOID_ITEM_CANCELLED_BY_CUSTOMER,2026-09-06 18:15:02,CSH-004,4500.0
TRX-20260906-000623-004,TRX-20260906-000623,SKU-4007,Minyak Telon My Baby 90ml,TYPO_SKU_QUARANTINED_FOR_AUDIT,2026-09-06 18:15:02,CSH-004,28000.0
TRX-20260906-000627-002,TRX-20260906-000627,SKU-3008,Taro Net Seaweed 65g,VOID_ITEM_CANCELLED_BY_CUSTOMER,2026-09-06 18:20:41,CSH-006,9800.0
TRX-20260906-000616-006,TRX-20260906-000616,SKU-3005,Good Day Moccacino 250ml,VOID_ITEM_CANCELLED_BY_CUSTOMER,2026-09-06 18:38:50,CSH-002,8000.0
TRX-20260906-000631-001,TRX-20260906-000631,SKU-1007,Saus Sambal ABC 335ml,TYPO_SKU_QUARANTINED_FOR_AUDIT,2026-09-06 18:52:32,CSH-006,52500.0
TRX-20260906-000636-007,TRX-20260906-000636,SKU-3008,Taro Net Seaweed 65g,VOID_ITEM_CANCELLED_BY_CUSTOMER,2026-09-06 19:11:57,CSH-004,9800.0
TRX-20260906-000633-004,TRX-20260906-000633,SKU-3009,Oreo Original Roll 133g,VOID_ITEM_CANCELLED_BY_CUSTOMER,2026-09-06 19:26:19,CSH-006,22000.0
TRX-20260906-000641-002,TRX-20260906-000641,SKU-0008,UNKNOWN PRODUCT,VOID_ITEM_CANCELLED_BY_CUSTOMER,2026-09-06 20:50:10,CSH-004,17500.0
TRX-20260906-000646-010,TRX-20260906-000646,SKU-3002,Air Mineral Le Minerale 600ml,TYPO_SKU_QUARANTINED_FOR_AUDIT,2026-09-06 21:35:37,CSH-002,3800.0
TRX-20260906-000646-013,TRX-20260906-000646,SKU-5002,Pewangi Pakaian Molto All in 1 720ml,VOID_ITEM_CANCELLED_BY_CUSTOMER,2026-09-06 21:35:37,CSH-002,72000.0
TRX-20260907-000647-001,TRX-20260907-000647,SKU-4006,Paseo Facial Tissue 250 Sheets,TYPO_SKU_QUARANTINED_FOR_AUDIT,2026-09-07 08:57:29,CSH-003,16500.0
TRX-20260907-000650-002,TRX-20260907-000650,SKU-4093,UNKNOWN PRODUCT,TYPO_SKU_QUARANTINED_FOR_AUDIT,2026-09-07 09:36:09,CSH-005,17000.0
TRX-20260907-000652-004,TRX-20260907-000652,SKU-1008,Indomie Goreng Spesial 85g,VOID_ITEM_CANCELLED_BY_CUSTOMER,2026-09-07 10:10:52,CSH-001,7000.0
TRX-20260907-000659-003,TRX-20260907-000659,SKU-2006,Mentega Blue Band 200g,VOID_ITEM_CANCELLED_BY_CUSTOMER,2026-09-07 11:14:39,CSH-003,12500.0
TRX-20260907-000659-005,TRX-20260907-000659,SKU-4004,Sikat Gigi Formula Double Action 3s,VOID_ITEM_CANCELLED_BY_CUSTOMER,2026-09-07 11:14:39,CSH-003,15500.0
TRX-20260907-000663-005,TRX-20260907-000663,SKU-1019,UNKNOWN PRODUCT,TYPO_SKU_QUARANTINED_FOR_AUDIT,2026-09-07 11:27:08,CSH-005,3400.0
TRX-20260907-000656-007,TRX-20260907-000656,SKU-2001,Telur Ayam Negeri 1kg,TYPO_SKU_QUARANTINED_FOR_AUDIT,2026-09-07 11:30:16,CSH-003,155000.0
TRX-20260907-000657-008,TRX-20260907-000657,SKU-1008,Indomie Goreng Spesial 85g,VOID_ITEM_CANCELLED_BY_CUSTOMER,2026-09-07 11:35:29,CSH-005,7000.0
TRX-20260907-000660-018,TRX-20260907-000660,SKU-2008,Sari Roti Sobek Cokelat,TYPO_SKU_QUARANTINED_FOR_AUDIT,2026-09-07 11:37:19,CSH-003,58500.0
TRX-20260907-000658-004,TRX-20260907-000658,SKU-1010,Sedaap Mie Goreng 90g,VOID_ITEM_CANCELLED_BY_CUSTOMER,2026-09-07 11:44:41,CSH-001,6800.0
TRX-20260907-000662-001,TRX-20260907-000662,SKU-1014,UNKNOWN PRODUCT,TYPO_SKU_QUARANTINED_FOR_AUDIT,2026-09-07 11:46:20,CSH-005,67500.0
TRX-20260907-000674-004,TRX-20260907-000674,SKU-3107,UNKNOWN PRODUCT,TYPO_SKU_QUARANTINED_FOR_AUDIT,2026-09-07 12:13:15,CSH-001,25000.0
TRX-20260907-000674-007,TRX-20260907-000674,SKU-1009,Indomie Kuah Ayam Bawang 69g,VOID_ITEM_CANCELLED_BY_CUSTOMER,2026-09-07 12:13:15,CSH-001,6800.0
TRX-20260907-000666-002,TRX-20260907-000666,SKU-2005,Keju Kraft Cheddar 165g,VOID_ITEM_CANCELLED_BY_CUSTOMER,2026-09-07 12:18:45,CSH-005,24000.0
TRX-20260907-000678-002,TRX-20260907-000678,SKU-3207,UNKNOWN PRODUCT,TYPO_SKU_QUARANTINED_FOR_AUDIT,2026-09-07 12:25:21,CSH-005,25000.0
TRX-20260907-000678-003,TRX-20260907-000678,SKU-2006,Mentega Blue Band 200g,VOID_ITEM_CANCELLED_BY_CUSTOMER,2026-09-07 12:25:21,CSH-005,12500.0
TRX-20260907-000678-004,TRX-20260907-000678,SKU-3006,Coca Cola 390ml,VOID_ITEM_CANCELLED_BY_CUSTOMER,2026-09-07 12:25:21,CSH-005,7500.0
TRX-20260907-000667-002,TRX-20260907-000667,SKU-3097,UNKNOWN PRODUCT,TYPO_SKU_QUARANTINED_FOR_AUDIT,2026-09-07 12:26:49,CSH-005,12500.0
TRX-20260907-000668-003,TRX-20260907-000668,SKU-3001,Air Mineral Aqua 600ml,VOID_ITEM_CANCELLED_BY_CUSTOMER,2026-09-07 12:46:04,CSH-001,8000.0
TRX-20260907-000677-008,TRX-20260907-000677,SKU-6004,UNKNOWN PRODUCT,VOID_ITEM_CANCELLED_BY_CUSTOMER,2026-09-07 12:47:09,CSH-001,14500.0
TRX-20260907-000670-003,TRX-20260907-000670,SKU-1211,UNKNOWN PRODUCT,TYPO_SKU_QUARANTINED_FOR_AUDIT,2026-09-07 12:50:45,CSH-005,24000.0
TRX-20260907-000692-003,TRX-20260907-000692,SKU-3004,Kopi Kapal Api Spesial Mix 10s,VOID_ITEM_CANCELLED_BY_CUSTOMER,2026-09-07 13:05:44,CSH-005,31000.0
TRX-20260907-000692-007,TRX-20260907-000692,SKU-5002,Pewangi Pakaian Molto All in 1 720ml,TYPO_SKU_QUARANTINED_FOR_AUDIT,2026-09-07 13:05:44,CSH-005,48000.0
TRX-20260907-000692-008,TRX-20260907-000692,SKU-3003,Teh Pucuk Harum 350ml,VOID_ITEM_CANCELLED_BY_CUSTOMER,2026-09-07 13:05:44,CSH-005,9000.0
TRX-20260907-000683-006,TRX-20260907-000683,SKU-4001,Sabun Mandi Lifebuoy Total 10 450ml,TYPO_SKU_QUARANTINED_FOR_AUDIT,2026-09-07 13:13:20,CSH-003,137500.0
TRX-20260907-000681-008,TRX-20260907-000681,SKU-3007,Chitato Sapi Panggang 68g,TYPO_SKU_QUARANTINED_FOR_AUDIT,2026-09-07 13:30:21,CSH-001,25000.0
TRX-20260907-000689-005,TRX-20260907-000689,SKU-1004,Tepung Terigu Segitiga Biru 1kg,VOID_ITEM_CANCELLED_BY_CUSTOMER,2026-09-07 13:42:40,CSH-005,13500.0
TRX-20260907-000689-007,TRX-20260907-000689,SKU-2004,Yakult Pack isi 5,VOID_ITEM_CANCELLED_BY_CUSTOMER,2026-09-07 13:42:40,CSH-005,23000.0
TRX-20260907-000688-020,TRX-20260907-000688,SKU-2001,Telur Ayam Negeri 1kg,TYPO_SKU_QUARANTINED_FOR_AUDIT,2026-09-07 13:59:44,CSH-003,62000.0
TRX-20260907-000697-002,TRX-20260907-000697,SKU-5104,UNKNOWN PRODUCT,TYPO_SKU_QUARANTINED_FOR_AUDIT,2026-09-07 14:41:27,CSH-001,14500.0
TRX-20260907-000697-004,TRX-20260907-000697,SKU-5016,UNKNOWN PRODUCT,TYPO_SKU_QUARANTINED_FOR_AUDIT,2026-09-07 14:41:27,CSH-001,42000.0
TRX-20260907-000695-001,TRX-20260907-000695,SKU-3202,UNKNOWN PRODUCT,TYPO_SKU_QUARANTINED_FOR_AUDIT,2026-09-07 14:50:09,CSH-005,7600.0
TRX-20260907-000695-003,TRX-20260907-000695,SKU-3001,Air Mineral Aqua 600ml,VOID_ITEM_CANCELLED_BY_CUSTOMER,2026-09-07 14:50:09,CSH-005,4000.0
TRX-20260907-000701-002,TRX-20260907-000701,SKU-2091,UNKNOWN PRODUCT,TYPO_SKU_QUARANTINED_FOR_AUDIT,2026-09-07 15:03:21,CSH-002,31000.0
TRX-20260907-000699-004,TRX-20260907-000699,SKU-3007,Chitato Sapi Panggang 68g,VOID_ITEM_CANCELLED_BY_CUSTOMER,2026-09-07 15:27:15,CSH-004,25000.0
TRX-20260907-000707-003,TRX-20260907-000707,SKU-4026,UNKNOWN PRODUCT,TYPO_SKU_QUARANTINED_FOR_AUDIT,2026-09-07 16:30:49,CSH-006,33000.0
TRX-20260907-000708-001,TRX-20260907-000708,SKU-1027,UNKNOWN PRODUCT,TYPO_SKU_QUARANTINED_FOR_AUDIT,2026-09-07 16:38:01,CSH-004,17500.0
TRX-20260907-000717-003,TRX-20260907-000717,SKU-2008,Sari Roti Sobek Cokelat,TYPO_SKU_QUARANTINED_FOR_AUDIT,2026-09-07 17:02:13,CSH-002,39000.0
TRX-20260907-000720-004,TRX-20260907-000720,SKU-3004,Kopi Kapal Api Spesial Mix 10s,TYPO_SKU_QUARANTINED_FOR_AUDIT,2026-09-07 17:29:34,CSH-006,15500.0
TRX-20260907-000720-007,TRX-20260907-000720,SKU-3009,Oreo Original Roll 133g,TYPO_SKU_QUARANTINED_FOR_AUDIT,2026-09-07 17:29:34,CSH-006,22000.0
TRX-20260907-000724-002,TRX-20260907-000724,SKU-1009,Indomie Kuah Ayam Bawang 69g,VOID_ITEM_CANCELLED_BY_CUSTOMER,2026-09-07 18:05:21,CSH-004,6800.0
TRX-20260907-000724-003,TRX-20260907-000724,SKU-3001,Air Mineral Aqua 600ml,VOID_ITEM_CANCELLED_BY_CUSTOMER,2026-09-07 18:05:21,CSH-004,8000.0
TRX-20260907-000722-003,TRX-20260907-000722,SKU-1010,Sedaap Mie Goreng 90g,VOID_ITEM_CANCELLED_BY_CUSTOMER,2026-09-07 18:12:45,CSH-006,3400.0
TRX-20260907-000729-002,TRX-20260907-000729,SKU-1004,Tepung Terigu Segitiga Biru 1kg,VOID_ITEM_CANCELLED_BY_CUSTOMER,2026-09-07 18:34:18,CSH-004,13500.0
TRX-20260907-000729-004,TRX-20260907-000729,SKU-1011,Sarden ABC Saus Tomat 155g,VOID_ITEM_CANCELLED_BY_CUSTOMER,2026-09-07 18:34:18,CSH-004,24000.0
TRX-20260907-000733-006,TRX-20260907-000733,SKU-1011,Sarden ABC Saus Tomat 155g,VOID_ITEM_CANCELLED_BY_CUSTOMER,2026-09-07 19:11:24,CSH-004,24000.0
TRX-20260907-000730-006,TRX-20260907-000730,SKU-4002,Shampoo Sunsilk Black Shine 160ml,VOID_ITEM_CANCELLED_BY_CUSTOMER,2026-09-07 19:33:07,CSH-004,26000.0
TRX-20260907-000730-015,TRX-20260907-000730,SKU-1030,UNKNOWN PRODUCT,TYPO_SKU_QUARANTINED_FOR_AUDIT,2026-09-07 19:33:07,CSH-004,6800.0
TRX-20260908-000741-002,TRX-20260908-000741,SKU-3001,Air Mineral Aqua 600ml,VOID_ITEM_CANCELLED_BY_CUSTOMER,2026-09-08 09:49:51,CSH-001,4000.0
TRX-20260908-000741-006,TRX-20260908-000741,SKU-4004,Sikat Gigi Formula Double Action 3s,VOID_ITEM_CANCELLED_BY_CUSTOMER,2026-09-08 09:49:51,CSH-001,15500.0
TRX-20260908-000743-006,TRX-20260908-000743,SKU-1210,UNKNOWN PRODUCT,TYPO_SKU_QUARANTINED_FOR_AUDIT,2026-09-08 10:10:49,CSH-005,3400.0
TRX-20260908-000744-001,TRX-20260908-000744,SKU-3024,UNKNOWN PRODUCT,TYPO_SKU_QUARANTINED_FOR_AUDIT,2026-09-08 10:39:19,CSH-005,15500.0
TRX-20260908-000747-001,TRX-20260908-000747,SKU-1005,Garam Dapur Cap Kapal 250g,VOID_ITEM_CANCELLED_BY_CUSTOMER,2026-09-08 11:45:31,CSH-001,5000.0
TRX-20260908-000749-001,TRX-20260908-000749,SKU-4005,Rexona Deodorant Roll On 45ml,TYPO_SKU_QUARANTINED_FOR_AUDIT,2026-09-08 11:57:24,CSH-003,20500.0
TRX-20260908-000750-003,TRX-20260908-000750,SKU-1008,Indomie Goreng Spesial 85g,VOID_ITEM_CANCELLED_BY_CUSTOMER,2026-09-08 12:14:54,CSH-005,7000.0
TRX-20260908-000758-007,TRX-20260908-000758,SKU-3000,UNKNOWN PRODUCT,TYPO_SKU_QUARANTINED_FOR_AUDIT,2026-09-08 12:18:26,CSH-005,8000.0
TRX-20260908-000756-011,TRX-20260908-000756,SKU-1001,Beras Pandan Wangi 5kg,TYPO_SKU_QUARANTINED_FOR_AUDIT,2026-09-08 12:18:56,CSH-001,392500.0
TRX-20260908-000759-003,TRX-20260908-000759,SKU-1013,UNKNOWN PRODUCT,TYPO_SKU_QUARANTINED_FOR_AUDIT,2026-09-08 12:19:19,CSH-001,26000.0
TRX-20260908-000754-006,TRX-20260908-000754,SKU-4207,UNKNOWN PRODUCT,TYPO_SKU_QUARANTINED_FOR_AUDIT,2026-09-08 12:50:27,CSH-001,56000.0
TRX-20260908-000754-011,TRX-20260908-000754,SKU-1011,Sarden ABC Saus Tomat 155g,VOID_ITEM_CANCELLED_BY_CUSTOMER,2026-09-08 12:50:27,CSH-001,36000.0
TRX-20260908-000754-015,TRX-20260908-000754,SKU-1008,Indomie Goreng Spesial 85g,TYPO_SKU_QUARANTINED_FOR_AUDIT,2026-09-08 12:50:27,CSH-001,3500.0
TRX-20260908-000767-003,TRX-20260908-000767,SKU-3201,UNKNOWN PRODUCT,TYPO_SKU_QUARANTINED_FOR_AUDIT,2026-09-08 13:40:51,CSH-005,8000.0
TRX-20260908-000767-006,TRX-20260908-000767,SKU-2006,Mentega Blue Band 200g,VOID_ITEM_CANCELLED_BY_CUSTOMER,2026-09-08 13:40:51,CSH-005,12500.0
TRX-20260908-000762-006,TRX-20260908-000762,SKU-1009,Indomie Kuah Ayam Bawang 69g,VOID_ITEM_CANCELLED_BY_CUSTOMER,2026-09-08 13:41:57,CSH-003,3400.0
TRX-20260908-000763-003,TRX-20260908-000763,SKU-1102,UNKNOWN PRODUCT,TYPO_SKU_QUARANTINED_FOR_AUDIT,2026-09-08 13:59:04,CSH-003,37500.0
TRX-20260908-000775-005,TRX-20260908-000775,SKU-1007,Saus Sambal ABC 335ml,TYPO_SKU_QUARANTINED_FOR_AUDIT,2026-09-08 14:05:19,CSH-005,35000.0
TRX-20260908-000775-006,TRX-20260908-000775,SKU-1110,UNKNOWN PRODUCT,TYPO_SKU_QUARANTINED_FOR_AUDIT,2026-09-08 14:05:19,CSH-005,3400.0
TRX-20260908-000775-013,TRX-20260908-000775,SKU-6001,UNKNOWN PRODUCT,TYPO_SKU_QUARANTINED_FOR_AUDIT,2026-09-08 14:05:19,CSH-005,82500.0
TRX-20260908-000770-012,TRX-20260908-000770,SKU-4003,Pasta Gigi Pepsodent 190g,VOID_ITEM_CANCELLED_BY_CUSTOMER,2026-09-08 14:30:43,CSH-003,17000.0
TRX-20260908-000777-001,TRX-20260908-000777,SKU-3009,Oreo Original Roll 133g,VOID_ITEM_CANCELLED_BY_CUSTOMER,2026-09-08 14:36:59,CSH-005,22000.0
TRX-20260908-000773-001,TRX-20260908-000773,SKU-5002,Pewangi Pakaian Molto All in 1 720ml,TYPO_SKU_QUARANTINED_FOR_AUDIT,2026-09-08 14:40:00,CSH-001,120000.0
TRX-20260908-000773-018,TRX-20260908-000773,SKU-6003,UNKNOWN PRODUCT,TYPO_SKU_QUARANTINED_FOR_AUDIT,2026-09-08 14:40:00,CSH-001,15500.0
TRX-20260908-000782-002,TRX-20260908-000782,SKU-1009,Indomie Kuah Ayam Bawang 69g,VOID_ITEM_CANCELLED_BY_CUSTOMER,2026-09-08 15:07:06,CSH-004,3400.0
TRX-20260908-000783-003,TRX-20260908-000783,SKU-2004,Yakult Pack isi 5,VOID_ITEM_CANCELLED_BY_CUSTOMER,2026-09-08 15:32:41,CSH-004,11500.0
TRX-20260908-000788-004,TRX-20260908-000788,SKU-2004,Yakult Pack isi 5,VOID_ITEM_CANCELLED_BY_CUSTOMER,2026-09-08 16:08:49,CSH-006,23000.0
TRX-20260908-000791-001,TRX-20260908-000791,SKU-3006,Coca Cola 390ml,VOID_ITEM_CANCELLED_BY_CUSTOMER,2026-09-08 16:48:59,CSH-002,15000.0
TRX-20260908-000791-003,TRX-20260908-000791,SKU-1010,Sedaap Mie Goreng 90g,VOID_ITEM_CANCELLED_BY_CUSTOMER,2026-09-08 16:48:59,CSH-002,3400.0
TRX-20260908-000797-004,TRX-20260908-000797,SKU-1006,Kecap Manis Bango 520ml,TYPO_SKU_QUARANTINED_FOR_AUDIT,2026-09-08 17:15:09,CSH-002,51000.0
TRX-20260908-000797-006,TRX-20260908-000797,SKU-5006,Baterai ABC Alkaline AA 4s,VOID_ITEM_CANCELLED_BY_CUSTOMER,2026-09-08 17:15:09,CSH-002,42000.0
TRX-20260908-000804-010,TRX-20260908-000804,SKU-4001,Sabun Mandi Lifebuoy Total 10 450ml,TYPO_SKU_QUARANTINED_FOR_AUDIT,2026-09-08 17:18:11,CSH-004,82500.0
TRX-20260908-000805-002,TRX-20260908-000805,SKU-2004,Yakult Pack isi 5,VOID_ITEM_CANCELLED_BY_CUSTOMER,2026-09-08 17:49:16,CSH-004,11500.0
TRX-20260908-000796-001,TRX-20260908-000796,SKU-3010,SilverQueen Cokelat Mede 58g,VOID_ITEM_CANCELLED_BY_CUSTOMER,2026-09-08 17:53:36,CSH-002,17000.0
TRX-20260908-000811-002,TRX-20260908-000811,SKU-2001,Telur Ayam Negeri 1kg,VOID_ITEM_CANCELLED_BY_CUSTOMER,2026-09-08 18:43:44,CSH-006,31000.0
TRX-20260908-000810-008,TRX-20260908-000810,SKU-1020,UNKNOWN PRODUCT,TYPO_SKU_QUARANTINED_FOR_AUDIT,2026-09-08 18:54:29,CSH-002,6800.0
TRX-20260908-000812-002,TRX-20260908-000812,SKU-3001,Air Mineral Aqua 600ml,TYPO_SKU_QUARANTINED_FOR_AUDIT,2026-09-08 18:55:46,CSH-002,8000.0
TRX-20260908-000815-002,TRX-20260908-000815,SKU-5204,UNKNOWN PRODUCT,TYPO_SKU_QUARANTINED_FOR_AUDIT,2026-09-08 19:29:01,CSH-006,14500.0
TRX-20260908-000819-002,TRX-20260908-000819,SKU-1004,Tepung Terigu Segitiga Biru 1kg,TYPO_SKU_QUARANTINED_FOR_AUDIT,2026-09-08 19:42:12,CSH-006,13500.0
TRX-20260908-000819-005,TRX-20260908-000819,SKU-5004,Pembersih Lantai Super Pell 770ml,VOID_ITEM_CANCELLED_BY_CUSTOMER,2026-09-08 19:42:12,CSH-006,29000.0
TRX-20260908-000816-001,TRX-20260908-000816,SKU-3202,UNKNOWN PRODUCT,TYPO_SKU_QUARANTINED_FOR_AUDIT,2026-09-08 19:44:02,CSH-004,3800.0
TRX-20260909-000828-007,TRX-20260909-000828,SKU-3005,Good Day Moccacino 250ml,VOID_ITEM_CANCELLED_BY_CUSTOMER,2026-09-09 08:01:52,CSH-003,8000.0
TRX-20260909-000828-009,TRX-20260909-000828,SKU-3003,Teh Pucuk Harum 350ml,VOID_ITEM_CANCELLED_BY_CUSTOMER,2026-09-09 08:01:52,CSH-003,9000.0
TRX-20260909-000840-012,TRX-20260909-000840,SKU-4007,Minyak Telon My Baby 90ml,VOID_ITEM_CANCELLED_BY_CUSTOMER,2026-09-09 11:16:10,CSH-005,56000.0
TRX-20260909-000844-001,TRX-20260909-000844,SKU-4007,Minyak Telon My Baby 90ml,TYPO_SKU_QUARANTINED_FOR_AUDIT,2026-09-09 11:25:34,CSH-005,28000.0
TRX-20260909-000843-001,TRX-20260909-000843,SKU-3009,Oreo Original Roll 133g,VOID_ITEM_CANCELLED_BY_CUSTOMER,2026-09-09 11:45:53,CSH-001,22000.0
TRX-20260909-000843-006,TRX-20260909-000843,SKU-2906,UNKNOWN PRODUCT,TYPO_SKU_QUARANTINED_FOR_AUDIT,2026-09-09 11:45:53,CSH-001,12500.0
TRX-20260909-000846-005,TRX-20260909-000846,SKU-1031,UNKNOWN PRODUCT,TYPO_SKU_QUARANTINED_FOR_AUDIT,2026-09-09 12:08:03,CSH-001,24000.0
TRX-20260909-000848-009,TRX-20260909-000848,SKU-1027,UNKNOWN PRODUCT,TYPO_SKU_QUARANTINED_FOR_AUDIT,2026-09-09 12:22:33,CSH-001,35000.0
TRX-20260909-000849-002,TRX-20260909-000849,SKU-3001,Air Mineral Aqua 600ml,VOID_ITEM_CANCELLED_BY_CUSTOMER,2026-09-09 12:24:50,CSH-003,4000.0
TRX-20260909-000849-006,TRX-20260909-000849,SKU-3008,Taro Net Seaweed 65g,VOID_ITEM_CANCELLED_BY_CUSTOMER,2026-09-09 12:24:50,CSH-003,19600.0
TRX-20260909-000847-002,TRX-20260909-000847,SKU-2008,Sari Roti Sobek Cokelat,VOID_ITEM_CANCELLED_BY_CUSTOMER,2026-09-09 12:24:51,CSH-005,19500.0
TRX-20260909-000856-002,TRX-20260909-000856,SKU-2021,UNKNOWN PRODUCT,TYPO_SKU_QUARANTINED_FOR_AUDIT,2026-09-09 12:57:57,CSH-001,31000.0
TRX-20260909-000859-005,TRX-20260909-000859,SKU-3209,UNKNOWN PRODUCT,TYPO_SKU_QUARANTINED_FOR_AUDIT,2026-09-09 13:01:04,CSH-001,22000.0
TRX-20260909-000865-009,TRX-20260909-000865,SKU-1104,UNKNOWN PRODUCT,TYPO_SKU_QUARANTINED_FOR_AUDIT,2026-09-09 13:14:00,CSH-003,13500.0
TRX-20260909-000861-002,TRX-20260909-000861,SKU-1096,UNKNOWN PRODUCT,TYPO_SKU_QUARANTINED_FOR_AUDIT,2026-09-09 13:20:32,CSH-005,25500.0
TRX-20260909-000864-002,TRX-20260909-000864,SKU-2007,Sari Roti Tawar Spesial,VOID_ITEM_CANCELLED_BY_CUSTOMER,2026-09-09 13:42:36,CSH-003,16500.0
TRX-20260909-000866-001,TRX-20260909-000866,SKU-3023,UNKNOWN PRODUCT,TYPO_SKU_QUARANTINED_FOR_AUDIT,2026-09-09 13:50:18,CSH-005,4500.0
TRX-20260909-000866-005,TRX-20260909-000866,SKU-1004,Tepung Terigu Segitiga Biru 1kg,VOID_ITEM_CANCELLED_BY_CUSTOMER,2026-09-09 13:50:18,CSH-005,27000.0
TRX-20260909-000870-002,TRX-20260909-000870,SKU-2094,UNKNOWN PRODUCT,TYPO_SKU_QUARANTINED_FOR_AUDIT,2026-09-09 14:20:17,CSH-003,11500.0
TRX-20260909-000868-002,TRX-20260909-000868,SKU-1005,Garam Dapur Cap Kapal 250g,VOID_ITEM_CANCELLED_BY_CUSTOMER,2026-09-09 14:45:59,CSH-001,5000.0
TRX-20260909-000868-006,TRX-20260909-000868,SKU-1004,Tepung Terigu Segitiga Biru 1kg,VOID_ITEM_CANCELLED_BY_CUSTOMER,2026-09-09 14:45:59,CSH-001,13500.0
TRX-20260909-000868-013,TRX-20260909-000868,SKU-1909,UNKNOWN PRODUCT,TYPO_SKU_QUARANTINED_FOR_AUDIT,2026-09-09 14:45:59,CSH-001,3400.0
TRX-20260909-000874-008,TRX-20260909-000874,SKU-1010,Sedaap Mie Goreng 90g,VOID_ITEM_CANCELLED_BY_CUSTOMER,2026-09-09 15:09:13,CSH-006,3400.0
TRX-20260909-000878-006,TRX-20260909-000878,SKU-1005,Garam Dapur Cap Kapal 250g,VOID_ITEM_CANCELLED_BY_CUSTOMER,2026-09-09 15:14:09,CSH-002,10000.0
TRX-20260909-000886-006,TRX-20260909-000886,SKU-5004,Pembersih Lantai Super Pell 770ml,VOID_ITEM_CANCELLED_BY_CUSTOMER,2026-09-09 16:10:27,CSH-006,29000.0
TRX-20260909-000895-002,TRX-20260909-000895,SKU-3006,Coca Cola 390ml,VOID_ITEM_CANCELLED_BY_CUSTOMER,2026-09-09 17:09:17,CSH-004,7500.0
TRX-20260909-000890-001,TRX-20260909-000890,SKU-3006,Coca Cola 390ml,VOID_ITEM_CANCELLED_BY_CUSTOMER,2026-09-09 17:11:54,CSH-002,7500.0
TRX-20260909-000889-002,TRX-20260909-000889,SKU-3001,Air Mineral Aqua 600ml,VOID_ITEM_CANCELLED_BY_CUSTOMER,2026-09-09 17:33:53,CSH-006,4000.0
TRX-20260909-000889-004,TRX-20260909-000889,SKU-3005,Good Day Moccacino 250ml,TYPO_SKU_QUARANTINED_FOR_AUDIT,2026-09-09 17:33:53,CSH-006,8000.0
TRX-20260909-000889-005,TRX-20260909-000889,SKU-0004,UNKNOWN PRODUCT,VOID_ITEM_CANCELLED_BY_CUSTOMER,2026-09-09 17:33:53,CSH-006,13500.0
TRX-20260909-000896-001,TRX-20260909-000896,SKU-3001,Air Mineral Aqua 600ml,VOID_ITEM_CANCELLED_BY_CUSTOMER,2026-09-09 17:38:48,CSH-002,8000.0
TRX-20260909-000898-007,TRX-20260909-000898,SKU-3004,Kopi Kapal Api Spesial Mix 10s,VOID_ITEM_CANCELLED_BY_CUSTOMER,2026-09-09 18:37:27,CSH-004,15500.0
TRX-20260909-000902-002,TRX-20260909-000902,SKU-2905,UNKNOWN PRODUCT,TYPO_SKU_QUARANTINED_FOR_AUDIT,2026-09-09 18:39:31,CSH-002,24000.0
TRX-20260909-000901-001,TRX-20260909-000901,SKU-3002,Air Mineral Le Minerale 600ml,VOID_ITEM_CANCELLED_BY_CUSTOMER,2026-09-09 18:39:57,CSH-006,3800.0
TRX-20260909-000899-005,TRX-20260909-000899,SKU-3003,Teh Pucuk Harum 350ml,VOID_ITEM_CANCELLED_BY_CUSTOMER,2026-09-09 18:58:30,CSH-002,4500.0
TRX-20260909-000903-003,TRX-20260909-000903,SKU-3002,Air Mineral Le Minerale 600ml,VOID_ITEM_CANCELLED_BY_CUSTOMER,2026-09-09 19:16:18,CSH-002,3800.0
TRX-20260909-000903-005,TRX-20260909-000903,SKU-3901,UNKNOWN PRODUCT,TYPO_SKU_QUARANTINED_FOR_AUDIT,2026-09-09 19:16:18,CSH-002,8000.0
TRX-20260909-000909-003,TRX-20260909-000909,SKU-2004,Yakult Pack isi 5,VOID_ITEM_CANCELLED_BY_CUSTOMER,2026-09-09 19:43:11,CSH-002,11500.0
TRX-20260909-000914-001,TRX-20260909-000914,SKU-1110,UNKNOWN PRODUCT,TYPO_SKU_QUARANTINED_FOR_AUDIT,2026-09-09 21:01:19,CSH-006,3400.0
TRX-20260909-000915-003,TRX-20260909-000915,SKU-4092,UNKNOWN PRODUCT,TYPO_SKU_QUARANTINED_FOR_AUDIT,2026-09-09 21:02:31,CSH-006,52000.0
TRX-20260910-000920-014,TRX-20260910-000920,SKU-3002,Air Mineral Le Minerale 600ml,TYPO_SKU_QUARANTINED_FOR_AUDIT,2026-09-10 08:34:57,CSH-001,3800.0
TRX-20260910-000920-023,TRX-20260910-000920,SKU-1011,Sarden ABC Saus Tomat 155g,VOID_ITEM_CANCELLED_BY_CUSTOMER,2026-09-10 08:34:57,CSH-001,60000.0
TRX-20260910-000919-009,TRX-20260910-000919,SKU-5003,Sabun Cuci Piring Sunlight 650ml,VOID_ITEM_CANCELLED_BY_CUSTOMER,2026-09-10 08:52:00,CSH-001,15500.0
TRX-20260910-000931-001,TRX-20260910-000931,SKU-5091,UNKNOWN PRODUCT,TYPO_SKU_QUARANTINED_FOR_AUDIT,2026-09-10 11:16:45,CSH-001,23000.0
TRX-20260910-000924-001,TRX-20260910-000924,SKU-5004,Pembersih Lantai Super Pell 770ml,VOID_ITEM_CANCELLED_BY_CUSTOMER,2026-09-10 11:44:21,CSH-001,29000.0
TRX-20260910-000943-001,TRX-20260910-000943,SKU-1013,UNKNOWN PRODUCT,TYPO_SKU_QUARANTINED_FOR_AUDIT,2026-09-10 12:06:16,CSH-005,130000.0
TRX-20260910-000943-003,TRX-20260910-000943,SKU-1909,UNKNOWN PRODUCT,TYPO_SKU_QUARANTINED_FOR_AUDIT,2026-09-10 12:06:16,CSH-005,3400.0
TRX-20260910-000932-003,TRX-20260910-000932,SKU-2009,UNKNOWN PRODUCT,TYPO_SKU_QUARANTINED_FOR_AUDIT,2026-09-10 12:13:55,CSH-005,16500.0
TRX-20260910-000942-006,TRX-20260910-000942,SKU-3004,Kopi Kapal Api Spesial Mix 10s,VOID_ITEM_CANCELLED_BY_CUSTOMER,2026-09-10 12:18:10,CSH-001,15500.0
TRX-20260910-000942-007,TRX-20260910-000942,SKU-3028,UNKNOWN PRODUCT,TYPO_SKU_QUARANTINED_FOR_AUDIT,2026-09-10 12:18:10,CSH-001,19600.0
TRX-20260910-000944-009,TRX-20260910-000944,SKU-1007,Saus Sambal ABC 335ml,TYPO_SKU_QUARANTINED_FOR_AUDIT,2026-09-10 12:25:56,CSH-003,17500.0
TRX-20260910-000937-003,TRX-20260910-000937,SKU-2009,UNKNOWN PRODUCT,TYPO_SKU_QUARANTINED_FOR_AUDIT,2026-09-10 12:34:04,CSH-005,6800.0
TRX-20260910-000955-006,TRX-20260910-000955,SKU-1011,Sarden ABC Saus Tomat 155g,TYPO_SKU_QUARANTINED_FOR_AUDIT,2026-09-10 13:12:46,CSH-005,12000.0
TRX-20260910-000955-011,TRX-20260910-000955,SKU-4013,UNKNOWN PRODUCT,TYPO_SKU_QUARANTINED_FOR_AUDIT,2026-09-10 13:12:46,CSH-005,17000.0
TRX-20260910-000953-001,TRX-20260910-000953,SKU-3024,UNKNOWN PRODUCT,TYPO_SKU_QUARANTINED_FOR_AUDIT,2026-09-10 13:41:26,CSH-005,31000.0
TRX-20260910-000953-004,TRX-20260910-000953,SKU-1019,UNKNOWN PRODUCT,TYPO_SKU_QUARANTINED_FOR_AUDIT,2026-09-10 13:41:26,CSH-005,3400.0
TRX-20260910-000954-007,TRX-20260910-000954,SKU-4004,Sikat Gigi Formula Double Action 3s,VOID_ITEM_CANCELLED_BY_CUSTOMER,2026-09-10 13:41:31,CSH-005,31000.0
TRX-20260910-000950-006,TRX-20260910-000950,SKU-5001,Deterjen Rinso Anti Noda 770g,TYPO_SKU_QUARANTINED_FOR_AUDIT,2026-09-10 13:59:24,CSH-003,23000.0
TRX-20260910-000959-008,TRX-20260910-000959,SKU-3909,UNKNOWN PRODUCT,TYPO_SKU_QUARANTINED_FOR_AUDIT,2026-09-10 14:01:36,CSH-005,11000.0
TRX-20260910-000964-006,TRX-20260910-000964,SKU-4010,UNKNOWN PRODUCT,TYPO_SKU_QUARANTINED_FOR_AUDIT,2026-09-10 15:47:57,CSH-002,34000.0
TRX-20260910-000983-001,TRX-20260910-000983,SKU-2001,Telur Ayam Negeri 1kg,VOID_ITEM_CANCELLED_BY_CUSTOMER,2026-09-10 17:17:33,CSH-006,31000.0
TRX-20260910-000973-006,TRX-20260910-000973,SKU-3006,Coca Cola 390ml,VOID_ITEM_CANCELLED_BY_CUSTOMER,2026-09-10 17:29:27,CSH-004,15000.0
TRX-20260910-000980-007,TRX-20260910-000980,SKU-1016,UNKNOWN PRODUCT,TYPO_SKU_QUARANTINED_FOR_AUDIT,2026-09-10 17:32:26,CSH-004,76500.0
TRX-20260910-000979-001,TRX-20260910-000979,SKU-1010,Sedaap Mie Goreng 90g,VOID_ITEM_CANCELLED_BY_CUSTOMER,2026-09-10 17:35:03,CSH-006,6800.0
TRX-20260910-000976-003,TRX-20260910-000976,SKU-1007,Saus Sambal ABC 335ml,TYPO_SKU_QUARANTINED_FOR_AUDIT,2026-09-10 17:56:10,CSH-004,35000.0
TRX-20260910-000994-002,TRX-20260910-000994,SKU-3007,Chitato Sapi Panggang 68g,VOID_ITEM_CANCELLED_BY_CUSTOMER,2026-09-10 18:04:02,CSH-004,12500.0
TRX-20260910-000992-004,TRX-20260910-000992,SKU-1004,Tepung Terigu Segitiga Biru 1kg,VOID_ITEM_CANCELLED_BY_CUSTOMER,2026-09-10 18:18:29,CSH-006,27000.0
TRX-20260910-000985-003,TRX-20260910-000985,SKU-2006,Mentega Blue Band 200g,VOID_ITEM_CANCELLED_BY_CUSTOMER,2026-09-10 18:35:27,CSH-002,12500.0
TRX-20260910-000991-004,TRX-20260910-000991,SKU-2004,Yakult Pack isi 5,VOID_ITEM_CANCELLED_BY_CUSTOMER,2026-09-10 18:41:11,CSH-002,11500.0
TRX-20260910-000988-005,TRX-20260910-000988,SKU-4004,Sikat Gigi Formula Double Action 3s,VOID_ITEM_CANCELLED_BY_CUSTOMER,2026-09-10 18:44:54,CSH-002,15500.0
TRX-20260910-000989-003,TRX-20260910-000989,SKU-4904,UNKNOWN PRODUCT,TYPO_SKU_QUARANTINED_FOR_AUDIT,2026-09-10 18:49:32,CSH-004,15500.0
TRX-20260910-000990-002,TRX-20260910-000990,SKU-1001,Beras Pandan Wangi 5kg,TYPO_SKU_QUARANTINED_FOR_AUDIT,2026-09-10 18:58:28,CSH-004,78500.0
TRX-20260911-001009-003,TRX-20260911-001009,SKU-1018,UNKNOWN PRODUCT,TYPO_SKU_QUARANTINED_FOR_AUDIT,2026-09-11 09:51:59,CSH-005,3500.0
TRX-20260911-001012-002,TRX-20260911-001012,SKU-5003,Sabun Cuci Piring Sunlight 650ml,VOID_ITEM_CANCELLED_BY_CUSTOMER,2026-09-11 10:14:35,CSH-001,15500.0
TRX-20260911-001012-006,TRX-20260911-001012,SKU-3002,Air Mineral Le Minerale 600ml,VOID_ITEM_CANCELLED_BY_CUSTOMER,2026-09-11 10:14:35,CSH-001,7600.0
TRX-20260911-001012-007,TRX-20260911-001012,SKU-1010,Sedaap Mie Goreng 90g,VOID_ITEM_CANCELLED_BY_CUSTOMER,2026-09-11 10:14:35,CSH-001,3400.0
TRX-20260911-001016-001,TRX-20260911-001016,SKU-1908,UNKNOWN PRODUCT,TYPO_SKU_QUARANTINED_FOR_AUDIT,2026-09-11 11:15:09,CSH-003,7000.0
TRX-20260911-001016-002,TRX-20260911-001016,SKU-3008,Taro Net Seaweed 65g,VOID_ITEM_CANCELLED_BY_CUSTOMER,2026-09-11 11:15:09,CSH-003,9800.0
TRX-20260911-001015-004,TRX-20260911-001015,SKU-5003,Sabun Cuci Piring Sunlight 650ml,VOID_ITEM_CANCELLED_BY_CUSTOMER,2026-09-11 11:32:39,CSH-003,15500.0
TRX-20260911-001015-008,TRX-20260911-001015,SKU-3002,Air Mineral Le Minerale 600ml,VOID_ITEM_CANCELLED_BY_CUSTOMER,2026-09-11 11:32:39,CSH-003,3800.0
TRX-20260911-001027-004,TRX-20260911-001027,SKU-1902,UNKNOWN PRODUCT,TYPO_SKU_QUARANTINED_FOR_AUDIT,2026-09-11 11:40:13,CSH-001,75000.0
TRX-20260911-001027-010,TRX-20260911-001027,SKU-1009,Indomie Kuah Ayam Bawang 69g,VOID_ITEM_CANCELLED_BY_CUSTOMER,2026-09-11 11:40:13,CSH-001,3400.0
TRX-20260911-001027-012,TRX-20260911-001027,SKU-1008,Indomie Goreng Spesial 85g,TYPO_SKU_QUARANTINED_FOR_AUDIT,2026-09-11 11:40:13,CSH-001,7000.0
TRX-20260911-001021-001,TRX-20260911-001021,SKU-2017,UNKNOWN PRODUCT,TYPO_SKU_QUARANTINED_FOR_AUDIT,2026-09-11 11:46:48,CSH-001,16500.0
TRX-20260911-001021-002,TRX-20260911-001021,SKU-3002,Air Mineral Le Minerale 600ml,VOID_ITEM_CANCELLED_BY_CUSTOMER,2026-09-11 11:46:48,CSH-001,3800.0
TRX-20260911-001019-010,TRX-20260911-001019,SKU-4001,Sabun Mandi Lifebuoy Total 10 450ml,VOID_ITEM_CANCELLED_BY_CUSTOMER,2026-09-11 11:51:32,CSH-001,27500.0
TRX-20260911-001019-011,TRX-20260911-001019,SKU-4202,UNKNOWN PRODUCT,TYPO_SKU_QUARANTINED_FOR_AUDIT,2026-09-11 11:51:32,CSH-001,52000.0
TRX-20260911-001019-016,TRX-20260911-001019,SKU-0009,UNKNOWN PRODUCT,TYPO_SKU_QUARANTINED_FOR_AUDIT,2026-09-11 11:51:32,CSH-001,10200.0
TRX-20260911-001019-017,TRX-20260911-001019,SKU-5003,Sabun Cuci Piring Sunlight 650ml,VOID_ITEM_CANCELLED_BY_CUSTOMER,2026-09-11 11:51:32,CSH-001,31000.0
TRX-20260911-001028-007,TRX-20260911-001028,SKU-2006,Mentega Blue Band 200g,VOID_ITEM_CANCELLED_BY_CUSTOMER,2026-09-11 12:00:18,CSH-003,12500.0
TRX-20260911-001029-002,TRX-20260911-001029,SKU-3007,Chitato Sapi Panggang 68g,VOID_ITEM_CANCELLED_BY_CUSTOMER,2026-09-11 12:21:08,CSH-003,25000.0
TRX-20260911-001029-005,TRX-20260911-001029,SKU-2006,Mentega Blue Band 200g,VOID_ITEM_CANCELLED_BY_CUSTOMER,2026-09-11 12:21:08,CSH-003,12500.0
TRX-20260911-001034-001,TRX-20260911-001034,SKU-1906,UNKNOWN PRODUCT,TYPO_SKU_QUARANTINED_FOR_AUDIT,2026-09-11 12:27:42,CSH-001,25500.0
TRX-20260911-001034-007,TRX-20260911-001034,SKU-2011,UNKNOWN PRODUCT,TYPO_SKU_QUARANTINED_FOR_AUDIT,2026-09-11 12:27:42,CSH-001,62000.0
TRX-20260911-001034-011,TRX-20260911-001034,SKU-5201,UNKNOWN PRODUCT,TYPO_SKU_QUARANTINED_FOR_AUDIT,2026-09-11 12:27:42,CSH-001,23000.0
TRX-20260911-001041-002,TRX-20260911-001041,SKU-1009,Indomie Kuah Ayam Bawang 69g,VOID_ITEM_CANCELLED_BY_CUSTOMER,2026-09-11 13:04:01,CSH-005,3400.0
TRX-20260911-001043-003,TRX-20260911-001043,SKU-1001,Beras Pandan Wangi 5kg,VOID_ITEM_CANCELLED_BY_CUSTOMER,2026-09-11 13:08:26,CSH-005,157000.0
TRX-20260911-001043-004,TRX-20260911-001043,SKU-4002,Shampoo Sunsilk Black Shine 160ml,VOID_ITEM_CANCELLED_BY_CUSTOMER,2026-09-11 13:08:26,CSH-005,52000.0
TRX-20260911-001043-016,TRX-20260911-001043,SKU-1208,UNKNOWN PRODUCT,TYPO_SKU_QUARANTINED_FOR_AUDIT,2026-09-11 13:08:26,CSH-005,3500.0
TRX-20260911-001045-002,TRX-20260911-001045,SKU-1094,UNKNOWN PRODUCT,TYPO_SKU_QUARANTINED_FOR_AUDIT,2026-09-11 13:09:27,CSH-001,13500.0
TRX-20260911-001047-002,TRX-20260911-001047,SKU-3011,UNKNOWN PRODUCT,TYPO_SKU_QUARANTINED_FOR_AUDIT,2026-09-11 13:11:38,CSH-001,17000.0
TRX-20260911-001047-005,TRX-20260911-001047,SKU-3201,UNKNOWN PRODUCT,TYPO_SKU_QUARANTINED_FOR_AUDIT,2026-09-11 13:11:38,CSH-001,4000.0
TRX-20260911-001039-006,TRX-20260911-001039,SKU-5001,Deterjen Rinso Anti Noda 770g,VOID_ITEM_CANCELLED_BY_CUSTOMER,2026-09-11 13:17:20,CSH-001,23000.0
TRX-20260911-001039-013,TRX-20260911-001039,SKU-2010,UNKNOWN PRODUCT,TYPO_SKU_QUARANTINED_FOR_AUDIT,2026-09-11 13:17:20,CSH-001,10200.0
TRX-20260911-001048-014,TRX-20260911-001048,SKU-5004,Pembersih Lantai Super Pell 770ml,VOID_ITEM_CANCELLED_BY_CUSTOMER,2026-09-11 13:24:41,CSH-003,29000.0
TRX-20260911-001048-015,TRX-20260911-001048,SKU-1002,Minyak Goreng Bimoli 2L,VOID_ITEM_CANCELLED_BY_CUSTOMER,2026-09-11 13:24:41,CSH-003,75000.0
TRX-20260911-001046-005,TRX-20260911-001046,SKU-3001,Air Mineral Aqua 600ml,VOID_ITEM_CANCELLED_BY_CUSTOMER,2026-09-11 13:33:28,CSH-003,4000.0
TRX-20260911-001040-005,TRX-20260911-001040,SKU-3203,UNKNOWN PRODUCT,TYPO_SKU_QUARANTINED_FOR_AUDIT,2026-09-11 13:35:37,CSH-003,4500.0
TRX-20260911-001037-001,TRX-20260911-001037,SKU-5003,Sabun Cuci Piring Sunlight 650ml,TYPO_SKU_QUARANTINED_FOR_AUDIT,2026-09-11 13:48:52,CSH-001,15500.0
TRX-20260911-001042-008,TRX-20260911-001042,SKU-4022,UNKNOWN PRODUCT,TYPO_SKU_QUARANTINED_FOR_AUDIT,2026-09-11 13:57:13,CSH-003,26000.0
TRX-20260911-001049-003,TRX-20260911-001049,SKU-2106,UNKNOWN PRODUCT,TYPO_SKU_QUARANTINED_FOR_AUDIT,2026-09-11 14:24:33,CSH-003,12500.0
TRX-20260911-001049-005,TRX-20260911-001049,SKU-3004,Kopi Kapal Api Spesial Mix 10s,VOID_ITEM_CANCELLED_BY_CUSTOMER,2026-09-11 14:24:33,CSH-003,15500.0
TRX-20260911-001057-002,TRX-20260911-001057,SKU-3001,Air Mineral Aqua 600ml,VOID_ITEM_CANCELLED_BY_CUSTOMER,2026-09-11 15:19:50,CSH-004,4000.0
TRX-20260911-001057-004,TRX-20260911-001057,SKU-3005,Good Day Moccacino 250ml,VOID_ITEM_CANCELLED_BY_CUSTOMER,2026-09-11 15:19:50,CSH-004,8000.0
TRX-20260911-001054-006,TRX-20260911-001054,SKU-1004,Tepung Terigu Segitiga Biru 1kg,VOID_ITEM_CANCELLED_BY_CUSTOMER,2026-09-11 15:27:28,CSH-006,27000.0
TRX-20260911-001060-005,TRX-20260911-001060,SKU-1008,Indomie Goreng Spesial 85g,VOID_ITEM_CANCELLED_BY_CUSTOMER,2026-09-11 16:26:14,CSH-002,7000.0
TRX-20260911-001065-004,TRX-20260911-001065,SKU-5004,Pembersih Lantai Super Pell 770ml,VOID_ITEM_CANCELLED_BY_CUSTOMER,2026-09-11 17:09:15,CSH-006,14500.0
TRX-20260911-001069-006,TRX-20260911-001069,SKU-2004,Yakult Pack isi 5,VOID_ITEM_CANCELLED_BY_CUSTOMER,2026-09-11 17:12:12,CSH-006,11500.0
TRX-20260911-001073-001,TRX-20260911-001073,SKU-3010,SilverQueen Cokelat Mede 58g,VOID_ITEM_CANCELLED_BY_CUSTOMER,2026-09-11 17:19:25,CSH-004,17000.0
TRX-20260911-001067-002,TRX-20260911-001067,SKU-1010,Sedaap Mie Goreng 90g,VOID_ITEM_CANCELLED_BY_CUSTOMER,2026-09-11 17:26:14,CSH-006,3400.0
TRX-20260911-001067-005,TRX-20260911-001067,SKU-3005,Good Day Moccacino 250ml,VOID_ITEM_CANCELLED_BY_CUSTOMER,2026-09-11 17:26:14,CSH-006,8000.0
TRX-20260911-001067-007,TRX-20260911-001067,SKU-2004,Yakult Pack isi 5,VOID_ITEM_CANCELLED_BY_CUSTOMER,2026-09-11 17:26:14,CSH-006,11500.0
TRX-20260911-001062-002,TRX-20260911-001062,SKU-4007,Minyak Telon My Baby 90ml,VOID_ITEM_CANCELLED_BY_CUSTOMER,2026-09-11 17:35:49,CSH-004,28000.0
TRX-20260911-001075-003,TRX-20260911-001075,SKU-2906,UNKNOWN PRODUCT,TYPO_SKU_QUARANTINED_FOR_AUDIT,2026-09-11 18:42:29,CSH-004,12500.0
TRX-20260911-001075-006,TRX-20260911-001075,SKU-3003,Teh Pucuk Harum 350ml,VOID_ITEM_CANCELLED_BY_CUSTOMER,2026-09-11 18:42:29,CSH-004,4500.0
TRX-20260911-001075-007,TRX-20260911-001075,SKU-3001,Air Mineral Aqua 600ml,VOID_ITEM_CANCELLED_BY_CUSTOMER,2026-09-11 18:42:29,CSH-004,4000.0
TRX-20260911-001083-005,TRX-20260911-001083,SKU-1011,Sarden ABC Saus Tomat 155g,VOID_ITEM_CANCELLED_BY_CUSTOMER,2026-09-11 18:56:12,CSH-002,24000.0
TRX-20260911-001088-001,TRX-20260911-001088,SKU-3001,Air Mineral Aqua 600ml,TYPO_SKU_QUARANTINED_FOR_AUDIT,2026-09-11 19:52:44,CSH-004,4000.0
TRX-20260911-001088-009,TRX-20260911-001088,SKU-1011,Sarden ABC Saus Tomat 155g,VOID_ITEM_CANCELLED_BY_CUSTOMER,2026-09-11 19:52:44,CSH-004,12000.0
TRX-20260911-001090-017,TRX-20260911-001090,SKU-5002,Pewangi Pakaian Molto All in 1 720ml,VOID_ITEM_CANCELLED_BY_CUSTOMER,2026-09-11 20:11:06,CSH-002,48000.0
TRX-20260911-001093-009,TRX-20260911-001093,SKU-1007,Saus Sambal ABC 335ml,VOID_ITEM_CANCELLED_BY_CUSTOMER,2026-09-11 21:42:57,CSH-002,52500.0
TRX-20260912-001104-001,TRX-20260912-001104,SKU-2021,UNKNOWN PRODUCT,TYPO_SKU_QUARANTINED_FOR_AUDIT,2026-09-12 09:08:07,CSH-001,31000.0
TRX-20260912-001101-003,TRX-20260912-001101,SKU-3009,Oreo Original Roll 133g,VOID_ITEM_CANCELLED_BY_CUSTOMER,2026-09-12 09:15:04,CSH-003,22000.0
TRX-20260912-001103-001,TRX-20260912-001103,SKU-2006,Mentega Blue Band 200g,TYPO_SKU_QUARANTINED_FOR_AUDIT,2026-09-12 09:21:31,CSH-005,12500.0
TRX-20260912-001102-010,TRX-20260912-001102,SKU-4903,UNKNOWN PRODUCT,TYPO_SKU_QUARANTINED_FOR_AUDIT,2026-09-12 09:23:56,CSH-003,34000.0
TRX-20260912-001106-001,TRX-20260912-001106,SKU-4004,Sikat Gigi Formula Double Action 3s,TYPO_SKU_QUARANTINED_FOR_AUDIT,2026-09-12 09:38:26,CSH-001,15500.0
TRX-20260912-001106-004,TRX-20260912-001106,SKU-3006,Coca Cola 390ml,TYPO_SKU_QUARANTINED_FOR_AUDIT,2026-09-12 09:38:26,CSH-001,7500.0
TRX-20260912-001099-002,TRX-20260912-001099,SKU-2027,UNKNOWN PRODUCT,TYPO_SKU_QUARANTINED_FOR_AUDIT,2026-09-12 09:50:29,CSH-003,16500.0
TRX-20260912-001109-006,TRX-20260912-001109,SKU-5001,Deterjen Rinso Anti Noda 770g,TYPO_SKU_QUARANTINED_FOR_AUDIT,2026-09-12 10:28:57,CSH-005,69000.0
TRX-20260912-001109-017,TRX-20260912-001109,SKU-1004,Tepung Terigu Segitiga Biru 1kg,VOID_ITEM_CANCELLED_BY_CUSTOMER,2026-09-12 10:28:57,CSH-005,13500.0
TRX-20260912-001112-001,TRX-20260912-001112,SKU-3908,UNKNOWN PRODUCT,VOID_ITEM_CANCELLED_BY_CUSTOMER,2026-09-12 10:42:28,CSH-003,19600.0
TRX-20260912-001112-002,TRX-20260912-001112,SKU-1010,Sedaap Mie Goreng 90g,VOID_ITEM_CANCELLED_BY_CUSTOMER,2026-09-12 10:42:28,CSH-003,6800.0
TRX-20260912-001114-003,TRX-20260912-001114,SKU-5007,UNKNOWN PRODUCT,TYPO_SKU_QUARANTINED_FOR_AUDIT,2026-09-12 11:24:39,CSH-005,25000.0
TRX-20260912-001116-002,TRX-20260912-001116,SKU-1112,UNKNOWN PRODUCT,TYPO_SKU_QUARANTINED_FOR_AUDIT,2026-09-12 11:30:25,CSH-001,78000.0
TRX-20260912-001116-005,TRX-20260912-001116,SKU-1092,UNKNOWN PRODUCT,TYPO_SKU_QUARANTINED_FOR_AUDIT,2026-09-12 11:30:25,CSH-001,37500.0
TRX-20260912-001116-009,TRX-20260912-001116,SKU-4008,UNKNOWN PRODUCT,VOID_ITEM_CANCELLED_BY_CUSTOMER,2026-09-12 11:30:25,CSH-001,16500.0
TRX-20260912-001119-009,TRX-20260912-001119,SKU-4106,UNKNOWN PRODUCT,TYPO_SKU_QUARANTINED_FOR_AUDIT,2026-09-12 11:34:46,CSH-001,33000.0
TRX-20260912-001119-011,TRX-20260912-001119,SKU-3002,Air Mineral Le Minerale 600ml,TYPO_SKU_QUARANTINED_FOR_AUDIT,2026-09-12 11:34:46,CSH-001,11400.0
TRX-20260912-001129-005,TRX-20260912-001129,SKU-5007,UNKNOWN PRODUCT,TYPO_SKU_QUARANTINED_FOR_AUDIT,2026-09-12 12:05:07,CSH-003,25000.0
TRX-20260912-001122-003,TRX-20260912-001122,SKU-5095,UNKNOWN PRODUCT,TYPO_SKU_QUARANTINED_FOR_AUDIT,2026-09-12 12:22:01,CSH-005,42000.0
TRX-20260912-001124-002,TRX-20260912-001124,SKU-3026,UNKNOWN PRODUCT,TYPO_SKU_QUARANTINED_FOR_AUDIT,2026-09-12 12:24:02,CSH-001,7500.0
TRX-20260912-001126-004,TRX-20260912-001126,SKU-1003,Gula Pasir Gulaku 1kg,VOID_ITEM_CANCELLED_BY_CUSTOMER,2026-09-12 12:33:25,CSH-001,35000.0
TRX-20260912-001126-016,TRX-20260912-001126,SKU-0010,UNKNOWN PRODUCT,TYPO_SKU_QUARANTINED_FOR_AUDIT,2026-09-12 12:33:25,CSH-001,3400.0
TRX-20260912-001120-004,TRX-20260912-001120,SKU-3002,Air Mineral Le Minerale 600ml,VOID_ITEM_CANCELLED_BY_CUSTOMER,2026-09-12 12:41:32,CSH-001,7600.0
TRX-20260912-001125-002,TRX-20260912-001125,SKU-4004,Sikat Gigi Formula Double Action 3s,VOID_ITEM_CANCELLED_BY_CUSTOMER,2026-09-12 12:41:47,CSH-001,15500.0
TRX-20260912-001132-004,TRX-20260912-001132,SKU-2009,UNKNOWN PRODUCT,TYPO_SKU_QUARANTINED_FOR_AUDIT,2026-09-12 12:45:24,CSH-001,11000.0
TRX-20260912-001132-006,TRX-20260912-001132,SKU-3004,Kopi Kapal Api Spesial Mix 10s,TYPO_SKU_QUARANTINED_FOR_AUDIT,2026-09-12 12:45:24,CSH-001,31000.0
TRX-20260912-001121-004,TRX-20260912-001121,SKU-4004,Sikat Gigi Formula Double Action 3s,VOID_ITEM_CANCELLED_BY_CUSTOMER,2026-09-12 12:51:08,CSH-001,31000.0
TRX-20260912-001121-005,TRX-20260912-001121,SKU-3004,Kopi Kapal Api Spesial Mix 10s,VOID_ITEM_CANCELLED_BY_CUSTOMER,2026-09-12 12:51:08,CSH-001,15500.0
TRX-20260912-001148-004,TRX-20260912-001148,SKU-3008,Taro Net Seaweed 65g,VOID_ITEM_CANCELLED_BY_CUSTOMER,2026-09-12 13:03:33,CSH-005,19600.0
TRX-20260912-001140-001,TRX-20260912-001140,SKU-1004,Tepung Terigu Segitiga Biru 1kg,VOID_ITEM_CANCELLED_BY_CUSTOMER,2026-09-12 13:07:18,CSH-003,13500.0
TRX-20260912-001141-004,TRX-20260912-001141,SKU-3007,Chitato Sapi Panggang 68g,VOID_ITEM_CANCELLED_BY_CUSTOMER,2026-09-12 13:22:07,CSH-001,25000.0
TRX-20260912-001139-004,TRX-20260912-001139,SKU-3010,SilverQueen Cokelat Mede 58g,TYPO_SKU_QUARANTINED_FOR_AUDIT,2026-09-12 13:23:18,CSH-003,34000.0
TRX-20260912-001139-007,TRX-20260912-001139,SKU-3006,Coca Cola 390ml,TYPO_SKU_QUARANTINED_FOR_AUDIT,2026-09-12 13:23:18,CSH-003,15000.0
TRX-20260912-001137-006,TRX-20260912-001137,SKU-2906,UNKNOWN PRODUCT,TYPO_SKU_QUARANTINED_FOR_AUDIT,2026-09-12 13:24:07,CSH-003,25000.0
TRX-20260912-001144-001,TRX-20260912-001144,SKU-5004,Pembersih Lantai Super Pell 770ml,VOID_ITEM_CANCELLED_BY_CUSTOMER,2026-09-12 13:34:36,CSH-003,14500.0
TRX-20260912-001136-001,TRX-20260912-001136,SKU-3009,Oreo Original Roll 133g,TYPO_SKU_QUARANTINED_FOR_AUDIT,2026-09-12 13:46:02,CSH-005,11000.0
TRX-20260912-001138-001,TRX-20260912-001138,SKU-5903,UNKNOWN PRODUCT,TYPO_SKU_QUARANTINED_FOR_AUDIT,2026-09-12 13:50:21,CSH-001,15500.0
TRX-20260912-001146-012,TRX-20260912-001146,SKU-4004,Sikat Gigi Formula Double Action 3s,VOID_ITEM_CANCELLED_BY_CUSTOMER,2026-09-12 13:54:43,CSH-005,31000.0
TRX-20260912-001157-004,TRX-20260912-001157,SKU-3002,Air Mineral Le Minerale 600ml,VOID_ITEM_CANCELLED_BY_CUSTOMER,2026-09-12 14:05:13,CSH-005,3800.0
TRX-20260912-001158-003,TRX-20260912-001158,SKU-1000,UNKNOWN PRODUCT,TYPO_SKU_QUARANTINED_FOR_AUDIT,2026-09-12 14:12:17,CSH-001,3500.0
TRX-20260912-001151-001,TRX-20260912-001151,SKU-4103,UNKNOWN PRODUCT,TYPO_SKU_QUARANTINED_FOR_AUDIT,2026-09-12 14:43:29,CSH-001,34000.0
TRX-20260912-001151-015,TRX-20260912-001151,SKU-1014,UNKNOWN PRODUCT,TYPO_SKU_QUARANTINED_FOR_AUDIT,2026-09-12 14:43:29,CSH-001,27000.0
TRX-20260912-001156-002,TRX-20260912-001156,SKU-3016,UNKNOWN PRODUCT,TYPO_SKU_QUARANTINED_FOR_AUDIT,2026-09-12 14:53:26,CSH-001,15000.0
TRX-20260912-001160-004,TRX-20260912-001160,SKU-1008,Indomie Goreng Spesial 85g,VOID_ITEM_CANCELLED_BY_CUSTOMER,2026-09-12 15:58:41,CSH-006,7000.0
TRX-20260912-001172-016,TRX-20260912-001172,SKU-5002,Pewangi Pakaian Molto All in 1 720ml,TYPO_SKU_QUARANTINED_FOR_AUDIT,2026-09-12 16:01:50,CSH-006,24000.0
TRX-20260912-001166-001,TRX-20260912-001166,SKU-1004,Tepung Terigu Segitiga Biru 1kg,VOID_ITEM_CANCELLED_BY_CUSTOMER,2026-09-12 16:06:51,CSH-006,13500.0
TRX-20260912-001166-004,TRX-20260912-001166,SKU-1010,Sedaap Mie Goreng 90g,VOID_ITEM_CANCELLED_BY_CUSTOMER,2026-09-12 16:06:51,CSH-006,3400.0
TRX-20260912-001166-006,TRX-20260912-001166,SKU-4004,Sikat Gigi Formula Double Action 3s,VOID_ITEM_CANCELLED_BY_CUSTOMER,2026-09-12 16:06:51,CSH-006,15500.0
TRX-20260912-001165-004,TRX-20260912-001165,SKU-3004,Kopi Kapal Api Spesial Mix 10s,VOID_ITEM_CANCELLED_BY_CUSTOMER,2026-09-12 16:29:56,CSH-002,31000.0
TRX-20260912-001165-007,TRX-20260912-001165,SKU-5003,Sabun Cuci Piring Sunlight 650ml,TYPO_SKU_QUARANTINED_FOR_AUDIT,2026-09-12 16:29:56,CSH-002,15500.0
TRX-20260912-001189-005,TRX-20260912-001189,SKU-3008,Taro Net Seaweed 65g,VOID_ITEM_CANCELLED_BY_CUSTOMER,2026-09-12 17:13:38,CSH-002,19600.0
TRX-20260912-001180-001,TRX-20260912-001180,SKU-5003,Sabun Cuci Piring Sunlight 650ml,VOID_ITEM_CANCELLED_BY_CUSTOMER,2026-09-12 17:15:31,CSH-002,31000.0
TRX-20260912-001180-008_DUP,TRX-20260912-001180,SKU-3001,Air Mineral Aqua 600ml,DOUBLE_SCAN_DUPLICATE_REMOVED,2026-09-12 17:15:31,CSH-002,4000.0
TRX-20260912-001187-009,TRX-20260912-001187,SKU-1003,Gula Pasir Gulaku 1kg,VOID_ITEM_CANCELLED_BY_CUSTOMER,2026-09-12 17:21:10,CSH-006,35000.0
TRX-20260912-001181-011,TRX-20260912-001181,SKU-5006,Baterai ABC Alkaline AA 4s,VOID_ITEM_CANCELLED_BY_CUSTOMER,2026-09-12 17:24:42,CSH-002,42000.0
TRX-20260912-001185-007,TRX-20260912-001185,SKU-4004,Sikat Gigi Formula Double Action 3s,VOID_ITEM_CANCELLED_BY_CUSTOMER,2026-09-12 17:29:30,CSH-006,15500.0
TRX-20260912-001191-002,TRX-20260912-001191,SKU-3009,Oreo Original Roll 133g,VOID_ITEM_CANCELLED_BY_CUSTOMER,2026-09-12 18:04:15,CSH-004,11000.0
TRX-20260912-001194-004,TRX-20260912-001194,SKU-1010,Sedaap Mie Goreng 90g,VOID_ITEM_CANCELLED_BY_CUSTOMER,2026-09-12 18:05:35,CSH-002,3400.0
TRX-20260912-001192-003,TRX-20260912-001192,SKU-3022,UNKNOWN PRODUCT,TYPO_SKU_QUARANTINED_FOR_AUDIT,2026-09-12 18:13:20,CSH-006,3800.0
TRX-20260912-001202-006,TRX-20260912-001202,SKU-1009,Indomie Kuah Ayam Bawang 69g,VOID_ITEM_CANCELLED_BY_CUSTOMER,2026-09-12 18:39:53,CSH-004,17000.0
TRX-20260912-001198-001,TRX-20260912-001198,SKU-4004,Sikat Gigi Formula Double Action 3s,VOID_ITEM_CANCELLED_BY_CUSTOMER,2026-09-12 18:47:47,CSH-004,15500.0
TRX-20260912-001198-004,TRX-20260912-001198,SKU-3002,Air Mineral Le Minerale 600ml,VOID_ITEM_CANCELLED_BY_CUSTOMER,2026-09-12 18:47:47,CSH-004,3800.0
TRX-20260912-001198-006,TRX-20260912-001198,SKU-3094,UNKNOWN PRODUCT,TYPO_SKU_QUARANTINED_FOR_AUDIT,2026-09-12 18:47:47,CSH-004,15500.0
TRX-20260912-001208-005,TRX-20260912-001208,SKU-1011,Sarden ABC Saus Tomat 155g,VOID_ITEM_CANCELLED_BY_CUSTOMER,2026-09-12 19:06:48,CSH-002,12000.0
TRX-20260912-001207-003,TRX-20260912-001207,SKU-3006,Coca Cola 390ml,VOID_ITEM_CANCELLED_BY_CUSTOMER,2026-09-12 19:10:33,CSH-006,7500.0
TRX-20260912-001204-005,TRX-20260912-001204,SKU-2002,Susu Ultra Milk Full Cream 1L,VOID_ITEM_CANCELLED_BY_CUSTOMER,2026-09-12 19:50:16,CSH-002,43000.0
TRX-20260912-001211-001,TRX-20260912-001211,SKU-2004,Yakult Pack isi 5,VOID_ITEM_CANCELLED_BY_CUSTOMER,2026-09-12 20:27:52,CSH-002,11500.0
TRX-20260912-001215-007,TRX-20260912-001215,SKU-3000,UNKNOWN PRODUCT,TYPO_SKU_QUARANTINED_FOR_AUDIT,2026-09-12 21:39:18,CSH-006,11000.0
