shift_id,cashier_id,counter_id,date,shift_type,transactions_processed,errors_occurred,peak_fatigue
SHF-20260901-CSH-001,CSH-001,1,2026-09-01,MORNING,19,17,0.75
SHF-20260901-CSH-002,CSH-002,2,2026-09-01,EVENING,27,10,0.79
SHF-20260901-CSH-003,CSH-003,3,2026-09-01,MORNING,19,10,0.75
SHF-20260901-CSH-004,CSH-004,4,2026-09-01,EVENING,13,1,0.5
SHF-20260901-CSH-005,CSH-005,1,2026-09-01,MORNING,19,22,0.75
SHF-20260901-CSH-006,CSH-006,2,2026-09-01,EVENING,15,9,0.61
SHF-20260902-CSH-001,CSH-001,1,2026-09-02,MORNING,18,20,0.735
SHF-20260902-CSH-002,CSH-002,2,2026-09-02,EVENING,22,12,0.795
SHF-20260902-CSH-003,CSH-003,3,2026-09-02,MORNING,18,5,0.735
SHF-20260902-CSH-004,CSH-004,4,2026-09-02,EVENING,15,6,0.53
SHF-20260902-CSH-005,CSH-005,1,2026-09-02,MORNING,22,15,0.795
SHF-20260902-CSH-006,CSH-006,2,2026-09-02,EVENING,17,11,0.72
SHF-20260903-CSH-001,CSH-001,1,2026-09-03,MORNING,17,14,0.64
SHF-20260903-CSH-002,CSH-002,2,2026-09-03,EVENING,23,11,0.81
SHF-20260903-CSH-003,CSH-003,3,2026-09-03,MORNING,13,4,0.58
SHF-20260903-CSH-004,CSH-004,4,2026-09-03,EVENING,8,3,0.505
SHF-20260903-CSH-005,CSH-005,1,2026-09-03,MORNING,12,7,0.645
SHF-20260903-CSH-006,CSH-006,2,2026-09-03,EVENING,17,5,0.64
SHF-20260904-CSH-001,CSH-001,1,2026-09-04,MORNING,10,6,0.535
SHF-20260904-CSH-002,CSH-002,2,2026-09-04,EVENING,16,10,0.625
SHF-20260904-CSH-003,CSH-003,3,2026-09-04,MORNING,17,11,0.72
SHF-20260904-CSH-004,CSH-004,4,2026-09-04,EVENING,12,0,0.645
SHF-20260904-CSH-005,CSH-005,1,2026-09-04,MORNING,18,9,0.655
SHF-20260904-CSH-006,CSH-006,2,2026-09-04,EVENING,17,3,0.72
SHF-20260905-CSH-001,CSH-001,1,2026-09-05,MORNING,24,19,0.825
SHF-20260905-CSH-002,CSH-002,2,2026-09-05,EVENING,19,5,0.75
SHF-20260905-CSH-003,CSH-003,3,2026-09-05,MORNING,20,8,0.765
SHF-20260905-CSH-004,CSH-004,4,2026-09-05,EVENING,21,10,0.7
SHF-20260905-CSH-005,CSH-005,1,2026-09-05,MORNING,14,15,0.675
SHF-20260905-CSH-006,CSH-006,2,2026-09-05,EVENING,23,16,0.81
SHF-20260906-CSH-001,CSH-001,1,2026-09-06,MORNING,18,12,0.655
SHF-20260906-CSH-002,CSH-002,2,2026-09-06,EVENING,15,4,0.69
SHF-20260906-CSH-003,CSH-003,3,2026-09-06,MORNING,21,4,0.78
SHF-20260906-CSH-004,CSH-004,4,2026-09-06,EVENING,25,12,0.84
SHF-20260906-CSH-005,CSH-005,1,2026-09-06,MORNING,19,17,0.75
SHF-20260906-CSH-006,CSH-006,2,2026-09-06,EVENING,23,9,0.81
SHF-20260907-CSH-001,CSH-001,1,2026-09-07,MORNING,14,9,0.675
SHF-20260907-CSH-002,CSH-002,2,2026-09-07,EVENING,11,2,0.63
SHF-20260907-CSH-003,CSH-003,3,2026-09-07,MORNING,20,7,0.765
SHF-20260907-CSH-004,CSH-004,4,2026-09-07,EVENING,14,9,0.515
SHF-20260907-CSH-005,CSH-005,1,2026-09-07,MORNING,17,17,0.72
SHF-20260907-CSH-006,CSH-006,2,2026-09-07,EVENING,14,4,0.515
SHF-20260908-CSH-001,CSH-001,1,2026-09-08,MORNING,11,10,0.63
SHF-20260908-CSH-002,CSH-002,2,2026-09-08,EVENING,17,7,0.72
SHF-20260908-CSH-003,CSH-003,3,2026-09-08,MORNING,13,4,0.66
SHF-20260908-CSH-004,CSH-004,4,2026-09-08,EVENING,15,5,0.61
SHF-20260908-CSH-005,CSH-005,1,2026-09-08,MORNING,17,10,0.72
SHF-20260908-CSH-006,CSH-006,2,2026-09-08,EVENING,17,5,0.72
SHF-20260909-CSH-001,CSH-001,1,2026-09-09,MORNING,15,9,0.69
SHF-20260909-CSH-002,CSH-002,2,2026-09-09,EVENING,19,8,0.67
SHF-20260909-CSH-003,CSH-003,3,2026-09-09,MORNING,18,7,0.735
SHF-20260909-CSH-004,CSH-004,4,2026-09-09,EVENING,8,2,0.505
SHF-20260909-CSH-005,CSH-005,1,2026-09-09,MORNING,14,6,0.675
SHF-20260909-CSH-006,CSH-006,2,2026-09-09,EVENING,16,8,0.705
SHF-20260910-CSH-001,CSH-001,1,2026-09-10,MORNING,18,7,0.735
SHF-20260910-CSH-002,CSH-002,2,2026-09-10,EVENING,19,4,0.75
SHF-20260910-CSH-003,CSH-003,3,2026-09-10,MORNING,14,2,0.675
SHF-20260910-CSH-004,CSH-004,4,2026-09-10,EVENING,12,6,0.645
SHF-20260910-CSH-005,CSH-005,1,2026-09-10,MORNING,13,10,0.66
SHF-20260910-CSH-006,CSH-006,2,2026-09-10,EVENING,14,3,0.595
SHF-20260911-CSH-001,CSH-001,1,2026-09-11,MORNING,18,21,0.735
SHF-20260911-CSH-002,CSH-002,2,2026-09-11,EVENING,16,4,0.705
SHF-20260911-CSH-003,CSH-003,3,2026-09-11,MORNING,15,14,0.69
SHF-20260911-CSH-004,CSH-004,4,2026-09-11,EVENING,13,9,0.66
SHF-20260911-CSH-005,CSH-005,1,2026-09-11,MORNING,13,5,0.66
SHF-20260911-CSH-006,CSH-006,2,2026-09-11,EVENING,15,6,0.69
SHF-20260912-CSH-001,CSH-001,1,2026-09-12,MORNING,22,23,0.795
SHF-20260912-CSH-002,CSH-002,2,2026-09-12,EVENING,24,10,0.825
SHF-20260912-CSH-003,CSH-003,3,2026-09-12,MORNING,21,11,0.78
SHF-20260912-CSH-004,CSH-004,4,2026-09-12,EVENING,15,5,0.69
SHF-20260912-CSH-005,CSH-005,1,2026-09-12,MORNING,19,9,0.75
SHF-20260912-CSH-006,CSH-006,2,2026-09-12,EVENING,20,10,0.765
